Workbook

Sheet Como usar
A1: Controle de notificações da fiscalização (MTE e MPT)
A3: 1. Notificações: cada notificação recebida é uma linha, ligada ao cliente.
A4: 2. Itens: cada documento ou exigência pedido é uma linha, com o código da aba Catálogo.
A5: O documento padrão e o responsável aparecem sozinhos a partir do código.
A6: 3. Catálogo: lista padrão de documentos. Use sempre o mesmo código para o mesmo documento;
A7: é isso que permite comparar o que os fiscais mais pedem. Documento novo: acrescente uma linha.
A8: 3b. Por empresa: escolha a empresa na célula amarela e veja só os itens dela (dá para filtrar por responsável e status).
A9: Nas abas Itens e Notificações também há filtro na coluna Cliente (setinha no cabeçalho).
A10: 4. Painel: ranking dos documentos mais pedidos, divisão por responsável e por cliente (atualiza sozinho).
A12: Responsáveis:
A13: • Assessoria SST: PGR, PCMSO, ASO, LTCAT, AEP, treinamentos, NR-12 (inventário), análise de acidentes.
A14: • Empresa – RH/DP: registro, relação de empregados, ponto (AFD/AEJ/espelho), estagiários, aprendizes, CCT.
... A20: Status 'A confirmar' = notificação já vencida cujo atendimento não foi informado.

Sheet Painel
A1: Painel – o que a fiscalização mais pede
A2: Atualiza sozinho a partir das abas Itens e Notificações.
A4: # | B4: Documento | C4: Responsável | D4: Nº de notificações | E4: Pendentes | G4: Responsável | H4: Itens | I4: Pendentes / a confirmar | J4: % dos itens
A5: 1 | B5: =INDEX(Catálogo!$B$2:$B$200,MATCH(LARGE(Catálogo!$I$2:$I$200,1),Catálogo!$I$2:$I$200,0)) | C5: =INDEX(Catálogo!$D$2:$D$200,MATCH(LARGE(Catálogo!$I$2:$I$200,1),Catálogo!$I$2:$I$200,0)) | D5: =INDEX(Catálogo!$F$2:$F$200,MATCH(LARGE(Catálogo!$I$2:$I$200,1),Catálogo!$I$2:$I$200,0)) | E5: =INDEX(Catálogo!$H$2:$H$200,MATCH(LARGE(Catálogo!$I$2:$I$200,1),Catálogo!$I$2:$I$200,0)) | G5: Assessoria SST | H5: =COUNTIF(Itens!$F:$F,G5) | I5: =COUNTIFS(Itens!$F:$F,G5,Itens!$I:$I,"Pendente")+COUNTIFS(Itens!$F:$F,G5,Itens!$I:$I,"Em andamento")+COUNTIFS(Itens!$F:$F,G5,Itens!$I:$I,"A confirmar") | J5: =IF(SUM($H$5:$H$9)=0,0,H5/SUM($H$5:$H$9))
A6: 2 | B6: =INDEX(Catálogo!$B$2:$B$200,MATCH(LARGE(Catálogo!$I$2:$I$200,2),Catálogo!$I$2:$I$200,0)) | C6: =INDEX(Catálogo!$D$2:$D$200,MATCH(LARGE(Catálogo!$I$2:$I$200,2),Catálogo!$I$2:$I$200,0)) | D6: =INDEX(Catálogo!$F$2:$F$200,MATCH(LARGE(Catálogo!$I$2:$I$200,2),Catálogo!$I$2:$I$200,0)) | E6: =INDEX(Catálogo!$H$2:$H$200,MATCH(LARGE(Catálogo!$I$2:$I$200,2),Catálogo!$I$2:$I$200,0)) | G6: Empresa – RH/DP | H6: =COUNTIF(Itens!$F:$F,G6) | I6: =COUNTIFS(Itens!$F:$F,G6,Itens!$I:$I,"Pendente")+COUNTIFS(Itens!$F:$F,G6,Itens!$I:$I,"Em andamento")+COUNTIFS(Itens!$F:$F,G6,Itens!$I:$I,"A confirmar") | J6: =IF(SUM($H$5:$H$9)=0,0,H6/SUM($H$5:$H$9))
A7: 3 | B7: =INDEX(Catálogo!$B$2:$B$200,MATCH(LARGE(Catálogo!$I$2:$I$200,3),Catálogo!$I$2:$I$200,0)) | C7: =INDEX(Catálogo!$D$2:$D$200,MATCH(LARGE(Catálogo!$I$2:$I$200,3),Catálogo!$I$2:$I$200,0)) | D7: =INDEX(Catálogo!$F$2:$F$200,MATCH(LARGE(Catálogo!$I$2:$I$200,3),Catálogo!$I$2:$I$200,0)) | E7: =INDEX(Catálogo!$H$2:$H$200,MATCH(LARGE(Catálogo!$I$2:$I$200,3),Catálogo!$I$2:$I$200,0)) | G7: Empresa – Financeiro | H7: =COUNTIF(Itens!$F:$F,G7) | I7: =COUNTIFS(Itens!$F:$F,G7,Itens!$I:$I,"Pendente")+COUNTIFS(Itens!$F:$F,G7,Itens!$I:$I,"Em andamento")+COUNTIFS(Itens!$F:$F,G7,Itens!$I:$I,"A confirmar") | J7: =IF(SUM($H$5:$H$9)=0,0,H7/SUM($H$5:$H$9))
A8: 4 | B8: =INDEX(Catálogo!$B$2:$B$200,MATCH(LARGE(Catálogo!$I$2:$I$200,4),Catálogo!$I$2:$I$200,0)) | C8: =INDEX(Catálogo!$D$2:$D$200,MATCH(LARGE(Catálogo!$I$2:$I$200,4),Catálogo!$I$2:$I$200,0)) | D8: =INDEX(Catálogo!$F$2:$F$200,MATCH(LARGE(Catálogo!$I$2:$I$200,4),Catálogo!$I$2:$I$200,0)) | E8: =INDEX(Catálogo!$H$2:$H$200,MATCH(LARGE(Catálogo!$I$2:$I$200,4),Catálogo!$I$2:$I$200,0)) | G8: Empresa – Operação/Manutenção | H8: =COUNTIF(Itens!$F:$F,G8) | I8: =COUNTIFS(Itens!$F:$F,G8,Itens!$I:$I,"Pendente")+COUNTIFS(Itens!$F:$F,G8,Itens!$I:$I,"Em andamento")+COUNTIFS(Itens!$F:$F,G8,Itens!$I:$I,"A confirmar") | J8: =IF(SUM($H$5:$H$9)=0,0,H8/SUM($H$5:$H$9))
A9: 5 | B9: =INDEX(Catálogo!$B$2:$B$200,MATCH(LARGE(Catálogo!$I$2:$I$200,5),Catálogo!$I$2:$I$200,0)) | C9: =INDEX(Catálogo!$D$2:$D$200,MATCH(LARGE(Catálogo!$I$2:$I$200,5),Catálogo!$I$2:$I$200,0)) | D9: =INDEX(Catálogo!$F$2:$F$200,MATCH(LARGE(Catálogo!$I$2:$I$200,5),Catálogo!$I$2:$I$200,0)) | E9: =INDEX(Catálogo!$H$2:$H$200,MATCH(LARGE(Catálogo!$I$2:$I$200,5),Catálogo!$I$2:$I$200,0)) | G9: Compartilhado (Empresa + SST) | H9: =COUNTIF(Itens!$F:$F,G9) | I9: =COUNTIFS(Itens!$F:$F,G9,Itens!$I:$I,"Pendente")+COUNTIFS(Itens!$F:$F,G9,Itens!$I:$I,"Em andamento")+COUNTIFS(Itens!$F:$F,G9,Itens!$I:$I,"A confirmar") | J9: =IF(SUM($H$5:$H$9)=0,0,H9/SUM($H$5:$H$9))
A10: 6 | B10: =INDEX(Catálogo!$B$2:$B$200,MATCH(LARGE(Catálogo!$I$2:$I$200,6),Catálogo!$I$2:$I$200,0)) | C10: =INDEX(Catálogo!$D$2:$D$200,MATCH(LARGE(Catálogo!$I$2:$I$200,6),Catálogo!$I$2:$I$200,0)) | D10: =INDEX(Catálogo!$F$2:$F$200,MATCH(LARGE(Catálogo!$I$2:$I$200,6),Catálogo!$I$2:$I$200,0)) | E10: =INDEX(Catálogo!$H$2:$H$200,MATCH(LARGE(Catálogo!$I$2:$I$200,6),Catálogo!$I$2:$I$200,0))
A11: 7 | B11: =INDEX(Catálogo!$B$2:$B$200,MATCH(LARGE(Catálogo!$I$2:$I$200,7),Catálogo!$I$2:$I$200,0)) | C11: =INDEX(Catálogo!$D$2:$D$200,MATCH(LARGE(Catálogo!$I$2:$I$200,7),Catálogo!$I$2:$I$200,0)) | D11: =INDEX(Catálogo!$F$2:$F$200,MATCH(LARGE(Catálogo!$I$2:$I$200,7),Catálogo!$I$2:$I$200,0)) | E11: =INDEX(Catálogo!$H$2:$H$200,MATCH(LARGE(Catálogo!$I$2:$I$200,7),Catálogo!$I$2:$I$200,0)) | G11: Cliente novo: escreva o nome numa linha vazia abaixo (vale para o filtro da aba 'Por empresa').
A12: 8 | B12: =INDEX(Catálogo!$B$2:$B$200,MATCH(LARGE(Catálogo!$I$2:$I$200,8),Catálogo!$I$2:$I$200,0)) | C12: =INDEX(Catálogo!$D$2:$D$200,MATCH(LARGE(Catálogo!$I$2:$I$200,8),Catálogo!$I$2:$I$200,0)) | D12: =INDEX(Catálogo!$F$2:$F$200,MATCH(LARGE(Catálogo!$I$2:$I$200,8),Catálogo!$I$2:$I$200,0)) | E12: =INDEX(Catálogo!$H$2:$H$200,MATCH(LARGE(Catálogo!$I$2:$I$200,8),Catálogo!$I$2:$I$200,0)) | G12: Cliente | H12: Notificações | I12: Itens | J12: Pendentes / a confirmar
A13: 9 | B13: =INDEX(Catálogo!$B$2:$B$200,MATCH(LARGE(Catálogo!$I$2:$I$200,9),Catálogo!$I$2:$I$200,0)) | C13: =INDEX(Catálogo!$D$2:$D$200,MATCH(LARGE(Catálogo!$I$2:$I$200,9),Catálogo!$I$2:$I$200,0)) | D13: =INDEX(Catálogo!$F$2:$F$200,MATCH(LARGE(Catálogo!$I$2:$I$200,9),Catálogo!$I$2:$I$200,0)) | E13: =INDEX(Catálogo!$H$2:$H$200,MATCH(LARGE(Catálogo!$I$2:$I$200,9),Catálogo!$I$2:$I$200,0)) | G13: Rede Total (Mix Concórdia) | H13: =COUNTIF(Notificações!$B:$B,G13) | I13: =COUNTIF(Itens!$B:$B,G13) | J13: =SUMIF(Notificações!$B:$B,G13,Notificações!$R:$R)
A14: 10 | B14: =INDEX(Catálogo!$B$2:$B$200,MATCH(LARGE(Catálogo!$I$2:$I$200,10),Catálogo!$I$2:$I$200,0)) | C14: =INDEX(Catálogo!$D$2:$D$200,MATCH(LARGE(Catálogo!$I$2:$I$200,10),Catálogo!$I$2:$I$200,0)) | D14: =INDEX(Catálogo!$F$2:$F$200,MATCH(LARGE(Catálogo!$I$2:$I$200,10),Catálogo!$I$2:$I$200,0)) | E14: =INDEX(Catálogo!$H$2:$H$200,MATCH(LARGE(Catálogo!$I$2:$I$200,10),Catálogo!$I$2:$I$200,0)) | G14: Mix Boca do Rio | H14: =COUNTIF(Notificações!$B:$B,G14) | I14: =COUNTIF(Itens!$B:$B,G14) | J14: =SUMIF(Notificações!$B:$B,G14,Notificações!$R:$R)
A15: 11 | B15: =INDEX(Catálogo!$B$2:$B$200,MATCH(LARGE(Catálogo!$I$2:$I$200,11),Catálogo!$I$2:$I$200,0)) | C15: =INDEX(Catálogo!$D$2:$D$200,MATCH(LARGE(Catálogo!$I$2:$I$200,11),Catálogo!$I$2:$I$200,0)) | D15: =INDEX(Catálogo!$F$2:$F$200,MATCH(LARGE(Catálogo!$I$2:$I$200,11),Catálogo!$I$2:$I$200,0)) | E15: =INDEX(Catálogo!$H$2:$H$200,MATCH(LARGE(Catálogo!$I$2:$I$200,11),Catálogo!$I$2:$I$200,0)) | G15: Mix Bahia – Lauro de Freitas | H15: =COUNTIF(Notificações!$B:$B,G15) | I15: =COUNTIF(Itens!$B:$B,G15) | J15: =SUMIF(Notificações!$B:$B,G15,Notificações!$R:$R)
A16: 12 | B16: =INDEX(Catálogo!$B$2:$B$200,MATCH(LARGE(Catálogo!$I$2:$I$200,12),Catálogo!$I$2:$I$200,0)) | C16: =INDEX(Catálogo!$D$2:$D$200,MATCH(LARGE(Catálogo!$I$2:$I$200,12),Catálogo!$I$2:$I$200,0)) | D16: =INDEX(Catálogo!$F$2:$F$200,MATCH(LARGE(Catálogo!$I$2:$I$200,12),Catálogo!$I$2:$I$200,0)) | E16: =INDEX(Catálogo!$H$2:$H$200,MATCH(LARGE(Catálogo!$I$2:$I$200,12),Catálogo!$I$2:$I$200,0)) | G16: Super Diesel | H16: =COUNTIF(Notificações!$B:$B,G16) | I16: =COUNTIF(Itens!$B:$B,G16) | J16: =SUMIF(Notificações!$B:$B,G16,Notificações!$R:$R)
A17: 13 | B17: =INDEX(Catálogo!$B$2:$B$200,MATCH(LARGE(Catálogo!$I$2:$I$200,13),Catálogo!$I$2:$I$200,0)) | C17: =INDEX(Catálogo!$D$2:$D$200,MATCH(LARGE(Catálogo!$I$2:$I$200,13),Catálogo!$I$2:$I$200,0)) | D17: =INDEX(Catálogo!$F$2:$F$200,MATCH(LARGE(Catálogo!$I$2:$I$200,13),Catálogo!$I$2:$I$200,0)) | E17: =INDEX(Catálogo!$H$2:$H$200,MATCH(LARGE(Catálogo!$I$2:$I$200,13),Catálogo!$I$2:$I$200,0)) | H17: =IF(G17="","",COUNTIF(Notificações!$B:$B,G17)) | I17: =IF(G17="","",COUNTIF(Itens!$B:$B,G17)) | J17: =IF(G17="","",SUMIF(Notificações!$B:$B,G17,Notificações!$R:$R))
A18: 14 | B18: =INDEX(Catálogo!$B$2:$B$200,MATCH(LARGE(Catálogo!$I$2:$I$200,14),Catálogo!$I$2:$I$200,0)) | C18: =INDEX(Catálogo!$D$2:$D$200,MATCH(LARGE(Catálogo!$I$2:$I$200,14),Catálogo!$I$2:$I$200,0)) | D18: =INDEX(Catálogo!$F$2:$F$200,MATCH(LARGE(Catálogo!$I$2:$I$200,14),Catálogo!$I$2:$I$200,0)) | E18: =INDEX(Catálogo!$H$2:$H$200,MATCH(LARGE(Catálogo!$I$2:$I$200,14),Catálogo!$I$2:$I$200,0)) | H18: =IF(G18="","",COUNTIF(Notificações!$B:$B,G18)) | I18: =IF(G18="","",COUNTIF(Itens!$B:$B,G18)) | J18: =IF(G18="","",SUMIF(Notificações!$B:$B,G18,Notificações!$R:$R))
A19: 15 | B19: =INDEX(Catálogo!$B$2:$B$200,MATCH(LARGE(Catálogo!$I$2:$I$200,15),Catálogo!$I$2:$I$200,0)) | C19: =INDEX(Catálogo!$D$2:$D$200,MATCH(LARGE(Catálogo!$I$2:$I$200,15),Catálogo!$I$2:$I$200,0)) | D19: =INDEX(Catálogo!$F$2:$F$200,MATCH(LARGE(Catálogo!$I$2:$I$200,15),Catálogo!$I$2:$I$200,0)) | E19: =INDEX(Catálogo!$H$2:$H$200,MATCH(LARGE(Catálogo!$I$2:$I$200,15),Catálogo!$I$2:$I$200,0)) | H19: =IF(G19="","",COUNTIF(Notificações!$B:$B,G19)) | I19: =IF(G19="","",COUNTIF(Itens!$B:$B,G19)) | J19: =IF(G19="","",SUMIF(Notificações!$B:$B,G19,Notificações!$R:$R))
A20: Ranking pelo nº de notificações em que o documento aparece. Códigos novos no Catálogo entram sozinhos (até 199 códigos). | H20: =IF(G20="","",COUNTIF(Notificações!$B:$B,G20)) | I20: =IF(G20="","",COUNTIF(Itens!$B:$B,G20)) | J20: =IF(G20="","",SUMIF(Notificações!$B:$B,G20,Notificações!$R:$R))
H21: =IF(G21="","",COUNTIF(Notificações!$B:$B,G21)) | I21: =IF(G21="","",COUNTIF(Itens!$B:$B,G21)) | J21: =IF(G21="","",SUMIF(Notificações!$B:$B,G21,Notificações!$R:$R))
H22: =IF(G22="","",COUNTIF(Notificações!$B:$B,G22)) | I22: =IF(G22="","",COUNTIF(Itens!$B:$B,G22)) | J22: =IF(G22="","",SUMIF(Notificações!$B:$B,G22,Notificações!$R:$R))
H23: =IF(G23="","",COUNTIF(Notificações!$B:$B,G23)) | I23: =IF(G23="","",COUNTIF(Itens!$B:$B,G23)) | J23: =IF(G23="","",SUMIF(Notificações!$B:$B,G23,Notificações!$R:$R))
H24: =IF(G24="","",COUNTIF(Notificações!$B:$B,G24)) | I24: =IF(G24="","",COUNTIF(Itens!$B:$B,G24)) | J24: =IF(G24="","",SUMIF(Notificações!$B:$B,G24,Notificações!$R:$R))
H25: =IF(G25="","",COUNTIF(Notificações!$B:$B,G25)) | I25: =IF(G25="","",COUNTIF(Itens!$B:$B,G25)) | J25: =IF(G25="","",SUMIF(Notificações!$B:$B,G25,Notificações!$R:$R))
H26: =IF(G26="","",COUNTIF(Notificações!$B:$B,G26)) | I26: =IF(G26="","",COUNTIF(Itens!$B:$B,G26)) | J26: =IF(G26="","",SUMIF(Notificações!$B:$B,G26,Notificações!$R:$R))
H27: =IF(G27="","",COUNTIF(Notificações!$B:$B,G27)) | I27: =IF(G27="","",COUNTIF(Itens!$B:$B,G27)) | J27: =IF(G27="","",SUMIF(Notificações!$B:$B,G27,Notificações!$R:$R))
H28: =IF(G28="","",COUNTIF(Notificações!$B:$B,G28)) | I28: =IF(G28="","",COUNTIF(Itens!$B:$B,G28)) | J28: =IF(G28="","",SUMIF(Notificações!$B:$B,G28,Notificações!$R:$R))
H29: =IF(G29="","",COUNTIF(Notificações!$B:$B,G29)) | I29: =IF(G29="","",COUNTIF(Itens!$B:$B,G29)) | J29: =IF(G29="","",SUMIF(Notificações!$B:$B,G29,Notificações!$R:$R))
H30: =IF(G30="","",COUNTIF(Notificações!$B:$B,G30)) | I30: =IF(G30="","",COUNTIF(Itens!$B:$B,G30)) | J30: =IF(G30="","",SUMIF(Notificações!$B:$B,G30,Notificações!$R:$R))
H31: =IF(G31="","",COUNTIF(Notificações!$B:$B,G31)) | I31: =IF(G31="","",COUNTIF(Itens!$B:$B,G31)) | J31: =IF(G31="","",SUMIF(Notificações!$B:$B,G31,Notificações!$R:$R))
H32: =IF(G32="","",COUNTIF(Notificações!$B:$B,G32)) | I32: =IF(G32="","",COUNTIF(Itens!$B:$B,G32)) | J32: =IF(G32="","",SUMIF(Notificações!$B:$B,G32,Notificações!$R:$R))

Sheet Por empresa
A1: Itens por empresa
A2: Empresa: | B2: Rede Total (Mix Concórdia) | C2: ◄ escolha a empresa na lista
A4: Notificações | B4: Itens pedidos | C4: Pendentes / a confirmar | D4: Entregues | F4: Responsável | G4: Itens | H4: Pendentes
A5: =COUNTIF(Notificações!$B:$B,$B$2) | B5: =COUNTIF(Itens!$B:$B,$B$2) | C5: =COUNTIFS(Itens!$B:$B,$B$2,Itens!$I:$I,"Pendente")+COUNTIFS(Itens!$B:$B,$B$2,Itens!$I:$I,"Em andamento")+COUNTIFS(Itens!$B:$B,$B$2,Itens!$I:$I,"A confirmar") | D5: =COUNTIFS(Itens!$B:$B,$B$2,Itens!$I:$I,"Entregue") | F5: Assessoria SST | G5: =COUNTIFS(Itens!$B:$B,$B$2,Itens!$F:$F,F5) | H5: =COUNTIFS(Itens!$B:$B,$B$2,Itens!$F:$F,F5,Itens!$I:$I,"Pendente")+COUNTIFS(Itens!$B:$B,$B$2,Itens!$F:$F,F5,Itens!$I:$I,"Em andamento")+COUNTIFS(Itens!$B:$B,$B$2,Itens!$F:$F,F5,Itens!$I:$I,"A confirmar")
F6: Empresa – RH/DP | G6: =COUNTIFS(Itens!$B:$B,$B$2,Itens!$F:$F,F6) | H6: =COUNTIFS(Itens!$B:$B,$B$2,Itens!$F:$F,F6,Itens!$I:$I,"Pendente")+COUNTIFS(Itens!$B:$B,$B$2,Itens!$F:$F,F6,Itens!$I:$I,"Em andamento")+COUNTIFS(Itens!$B:$B,$B$2,Itens!$F:$F,F6,Itens!$I:$I,"A confirmar")
F7: Empresa – Financeiro | G7: =COUNTIFS(Itens!$B:$B,$B$2,Itens!$F:$F,F7) | H7: =COUNTIFS(Itens!$B:$B,$B$2,Itens!$F:$F,F7,Itens!$I:$I,"Pendente")+COUNTIFS(Itens!$B:$B,$B$2,Itens!$F:$F,F7,Itens!$I:$I,"Em andamento")+COUNTIFS(Itens!$B:$B,$B$2,Itens!$F:$F,F7,Itens!$I:$I,"A confirmar")
F8: Empresa – Operação/Manutenção | G8: =COUNTIFS(Itens!$B:$B,$B$2,Itens!$F:$F,F8) | H8: =COUNTIFS(Itens!$B:$B,$B$2,Itens!$F:$F,F8,Itens!$I:$I,"Pendente")+COUNTIFS(Itens!$B:$B,$B$2,Itens!$F:$F,F8,Itens!$I:$I,"Em andamento")+COUNTIFS(Itens!$B:$B,$B$2,Itens!$F:$F,F8,Itens!$I:$I,"A confirmar")
F9: Compartilhado (Empresa + SST) | G9: =COUNTIFS(Itens!$B:$B,$B$2,Itens!$F:$F,F9) | H9: =COUNTIFS(Itens!$B:$B,$B$2,Itens!$F:$F,F9,Itens!$I:$I,"Pendente")+COUNTIFS(Itens!$B:$B,$B$2,Itens!$F:$F,F9,Itens!$I:$I,"Em andamento")+COUNTIFS(Itens!$B:$B,$B$2,Itens!$F:$F,F9,Itens!$I:$I,"A confirmar")
A12: Notificação | B12: Item nº | C12: Documento padrão | D12: Responsável | E12: Texto da notificação | F12: Status | G12: Período pedido | H12: Data de entrega | I12: Observações
A13: =IFERROR(IF(INDEX(Itens!$A$2:$A$501,MATCH(1,Itens!$M$2:$M$501,0))="","",INDEX(Itens!$A$2:$A$501,MATCH(1,Itens!$M$2:$M$501,0))),"") | B13: =IFERROR(IF(INDEX(Itens!$C$2:$C$501,MATCH(1,Itens!$M$2:$M$501,0))="","",INDEX(Itens!$C$2:$C$501,MATCH(1,Itens!$M$2:$M$501,0))),"") | C13: =IFERROR(IF(INDEX(Itens!$E$2:$E$501,MATCH(1,Itens!$M$2:$M$501,0))="","",INDEX(Itens!$E$2:$E$501,MATCH(1,Itens!$M$2:$M$501,0))),"") | D13: =IFERROR(IF(INDEX(Itens!$F$2:$F$501,MATCH(1,Itens!$M$2:$M$501,0))="","",INDEX(Itens!$F$2:$F$501,MATCH(1,Itens!$M$2:$M$501,0))),"") | E13: =IFERROR(IF(INDEX(Itens!$G$2:$G$501,MATCH(1,Itens!$M$2:$M$501,0))="","",INDEX(Itens!$G$2:$G$501,MATCH(1,Itens!$M$2:$M$501,0))),"") | F13: =IFERROR(IF(INDEX(Itens!$I$2:$I$501,MATCH(1,Itens!$M$2:$M$501,0))="","",INDEX(Itens!$I$2:$I$501,MATCH(1,Itens!$M$2:$M$501,0))),"") | G13: =IFERROR(IF(INDEX(Itens!$J$2:$J$501,MATCH(1,Itens!$M$2:$M$501,0))="","",INDEX(Itens!$J$2:$J$501,MATCH(1,Itens!$M$2:$M$501,0))),"") | H13: =IFERROR(IF(INDEX(Itens!$K$2:$K$501,MATCH(1,Itens!$M$2:$M$501,0))="","",INDEX(Itens!$K$2:$K$501,MATCH(1,Itens!$M$2:$M$501,0))),"") | I13: =IFERROR(IF(INDEX(Itens!$L$2:$L$501,MATCH(1,Itens!$M$2:$M$501,0))="","",INDEX(Itens!$L$2:$L$501,MATCH(1,Itens!$M$2:$M$501,0))),"")
A14: =IFERROR(IF(INDEX(Itens!$A$2:$A$501,MATCH(2,Itens!$M$2:$M$501,0))="","",INDEX(Itens!$A$2:$A$501,MATCH(2,Itens!$M$2:$M$501,0))),"") | B14: =IFERROR(IF(INDEX(Itens!$C$2:$C$501,MATCH(2,Itens!$M$2:$M$501,0))="","",INDEX(Itens!$C$2:$C$501,MATCH(2,Itens!$M$2:$M$501,0))),"") | C14: =IFERROR(IF(INDEX(Itens!$E$2:$E$501,MATCH(2,Itens!$M$2:$M$501,0))="","",INDEX(Itens!$E$2:$E$501,MATCH(2,Itens!$M$2:$M$501,0))),"") | D14: =IFERROR(IF(INDEX(Itens!$F$2:$F$501,MATCH(2,Itens!$M$2:$M$501,0))="","",INDEX(Itens!$F$2:$F$501,MATCH(2,Itens!$M$2:$M$501,0))),"") | E14: =IFERROR(IF(INDEX(Itens!$G$2:$G$501,MATCH(2,Itens!$M$2:$M$501,0))="","",INDEX(Itens!$G$2:$G$501,MATCH(2,Itens!$M$2:$M$501,0))),"") | F14: =IFERROR(IF(INDEX(Itens!$I$2:$I$501,MATCH(2,Itens!$M$2:$M$501,0))="","",INDEX(Itens!$I$2:$I$501,MATCH(2,Itens!$M$2:$M$501,0))),"") | G14: =IFERROR(IF(INDEX(Itens!$J$2:$J$501,MATCH(2,Itens!$M$2:$M$501,0))="","",INDEX(Itens!$J$2:$J$501,MATCH(2,Itens!$M$2:$M$501,0))),"") | H14: =IFERROR(IF(INDEX(Itens!$K$2:$K$501,MATCH(2,Itens!$M$2:$M$501,0))="","",INDEX(Itens!$K$2:$K$501,MATCH(2,Itens!$M$2:$M$501,0))),"") | I14: =IFERROR(IF(INDEX(Itens!$L$2:$L$501,MATCH(2,Itens!$M$2:$M$501,0))="","",INDEX(Itens!$L$2:$L$501,MATCH(2,Itens!$M$2:$M$501,0))),"")
A15: =IFERROR(IF(INDEX(Itens!$A$2:$A$501,MATCH(3,Itens!$M$2:$M$501,0))="","",INDEX(Itens!$A$2:$A$501,MATCH(3,Itens!$M$2:$M$501,0))),"") | B15: =IFERROR(IF(INDEX(Itens!$C$2:$C$501,MATCH(3,Itens!$M$2:$M$501,0))="","",INDEX(Itens!$C$2:$C$501,MATCH(3,Itens!$M$2:$M$501,0))),"") | C15: =IFERROR(IF(INDEX(Itens!$E$2:$E$501,MATCH(3,Itens!$M$2:$M$501,0))="","",INDEX(Itens!$E$2:$E$501,MATCH(3,Itens!$M$2:$M$501,0))),"") | D15: =IFERROR(IF(INDEX(Itens!$F$2:$F$501,MATCH(3,Itens!$M$2:$M$501,0))="","",INDEX(Itens!$F$2:$F$501,MATCH(3,Itens!$M$2:$M$501,0))),"") | E15: =IFERROR(IF(INDEX(Itens!$G$2:$G$501,MATCH(3,Itens!$M$2:$M$501,0))="","",INDEX(Itens!$G$2:$G$501,MATCH(3,Itens!$M$2:$M$501,0))),"") | F15: =IFERROR(IF(INDEX(Itens!$I$2:$I$501,MATCH(3,Itens!$M$2:$M$501,0))="","",INDEX(Itens!$I$2:$I$501,MATCH(3,Itens!$M$2:$M$501,0))),"") | G15: =IFERROR(IF(INDEX(Itens!$J$2:$J$501,MATCH(3,Itens!$M$2:$M$501,0))="","",INDEX(Itens!$J$2:$J$501,MATCH(3,Itens!$M$2:$M$501,0))),"") | H15: =IFERROR(IF(INDEX(Itens!$K$2:$K$501,MATCH(3,Itens!$M$2:$M$501,0))="","",INDEX(Itens!$K$2:$K$501,MATCH(3,Itens!$M$2:$M$501,0))),"") | I15: =IFERROR(IF(INDEX(Itens!$L$2:$L$501,MATCH(3,Itens!$M$2:$M$501,0))="","",INDEX(Itens!$L$2:$L$501,MATCH(3,Itens!$M$2:$M$501,0))),"")
A16: =IFERROR(IF(INDEX(Itens!$A$2:$A$501,MATCH(4,Itens!$M$2:$M$501,0))="","",INDEX(Itens!$A$2:$A$501,MATCH(4,Itens!$M$2:$M$501,0))),"") | B16: =IFERROR(IF(INDEX(Itens!$C$2:$C$501,MATCH(4,Itens!$M$2:$M$501,0))="","",INDEX(Itens!$C$2:$C$501,MATCH(4,Itens!$M$2:$M$501,0))),"") | C16: =IFERROR(IF(INDEX(Itens!$E$2:$E$501,MATCH(4,Itens!$M$2:$M$501,0))="","",INDEX(Itens!$E$2:$E$501,MATCH(4,Itens!$M$2:$M$501,0))),"") | D16: =IFERROR(IF(INDEX(Itens!$F$2:$F$501,MATCH(4,Itens!$M$2:$M$501,0))="","",INDEX(Itens!$F$2:$F$501,MATCH(4,Itens!$M$2:$M$501,0))),"") | E16: =IFERROR(IF(INDEX(Itens!$G$2:$G$501,MATCH(4,Itens!$M$2:$M$501,0))="","",INDEX(Itens!$G$2:$G$501,MATCH(4,Itens!$M$2:$M$501,0))),"") | F16: =IFERROR(IF(INDEX(Itens!$I$2:$I$501,MATCH(4,Itens!$M$2:$M$501,0))="","",INDEX(Itens!$I$2:$I$501,MATCH(4,Itens!$M$2:$M$501,0))),"") | G16: =IFERROR(IF(INDEX(Itens!$J$2:$J$501,MATCH(4,Itens!$M$2:$M$501,0))="","",INDEX(Itens!$J$2:$J$501,MATCH(4,Itens!$M$2:$M$501,0))),"") | H16: =IFERROR(IF(INDEX(Itens!$K$2:$K$501,MATCH(4,Itens!$M$2:$M$501,0))="","",INDEX(Itens!$K$2:$K$501,MATCH(4,Itens!$M$2:$M$501,0))),"") | I16: =IFERROR(IF(INDEX(Itens!$L$2:$L$501,MATCH(4,Itens!$M$2:$M$501,0))="","",INDEX(Itens!$L$2:$L$501,MATCH(4,Itens!$M$2:$M$501,0))),"")
A17: =IFERROR(IF(INDEX(Itens!$A$2:$A$501,MATCH(5,Itens!$M$2:$M$501,0))="","",INDEX(Itens!$A$2:$A$501,MATCH(5,Itens!$M$2:$M$501,0))),"") | B17: =IFERROR(IF(INDEX(Itens!$C$2:$C$501,MATCH(5,Itens!$M$2:$M$501,0))="","",INDEX(Itens!$C$2:$C$501,MATCH(5,Itens!$M$2:$M$501,0))),"") | C17: =IFERROR(IF(INDEX(Itens!$E$2:$E$501,MATCH(5,Itens!$M$2:$M$501,0))="","",INDEX(Itens!$E$2:$E$501,MATCH(5,Itens!$M$2:$M$501,0))),"") | D17: =IFERROR(IF(INDEX(Itens!$F$2:$F$501,MATCH(5,Itens!$M$2:$M$501,0))="","",INDEX(Itens!$F$2:$F$501,MATCH(5,Itens!$M$2:$M$501,0))),"") | E17: =IFERROR(IF(INDEX(Itens!$G$2:$G$501,MATCH(5,Itens!$M$2:$M$501,0))="","",INDEX(Itens!$G$2:$G$501,MATCH(5,Itens!$M$2:$M$501,0))),"") | F17: =IFERROR(IF(INDEX(Itens!$I$2:$I$501,MATCH(5,Itens!$M$2:$M$501,0))="","",INDEX(Itens!$I$2:$I$501,MATCH(5,Itens!$M$2:$M$501,0))),"") | G17: =IFERROR(IF(INDEX(Itens!$J$2:$J$501,MATCH(5,Itens!$M$2:$M$501,0))="","",INDEX(Itens!$J$2:$J$501,MATCH(5,Itens!$M$2:$M$501,0))),"") | H17: =IFERROR(IF(INDEX(Itens!$K$2:$K$501,MATCH(5,Itens!$M$2:$M$501,0))="","",INDEX(Itens!$K$2:$K$501,MATCH(5,Itens!$M$2:$M$501,0))),"") | I17: =IFERROR(IF(INDEX(Itens!$L$2:$L$501,MATCH(5,Itens!$M$2:$M$501,0))="","",INDEX(Itens!$L$2:$L$501,MATCH(5,Itens!$M$2:$M$501,0))),"")
A18: =IFERROR(IF(INDEX(Itens!$A$2:$A$501,MATCH(6,Itens!$M$2:$M$501,0))="","",INDEX(Itens!$A$2:$A$501,MATCH(6,Itens!$M$2:$M$501,0))),"") | B18: =IFERROR(IF(INDEX(Itens!$C$2:$C$501,MATCH(6,Itens!$M$2:$M$501,0))="","",INDEX(Itens!$C$2:$C$501,MATCH(6,Itens!$M$2:$M$501,0))),"") | C18: =IFERROR(IF(INDEX(Itens!$E$2:$E$501,MATCH(6,Itens!$M$2:$M$501,0))="","",INDEX(Itens!$E$2:$E$501,MATCH(6,Itens!$M$2:$M$501,0))),"") | D18: =IFERROR(IF(INDEX(Itens!$F$2:$F$501,MATCH(6,Itens!$M$2:$M$501,0))="","",INDEX(Itens!$F$2:$F$501,MATCH(6,Itens!$M$2:$M$501,0))),"") | E18: =IFERROR(IF(INDEX(Itens!$G$2:$G$501,MATCH(6,Itens!$M$2:$M$501,0))="","",INDEX(Itens!$G$2:$G$501,MATCH(6,Itens!$M$2:$M$501,0))),"") | F18: =IFERROR(IF(INDEX(Itens!$I$2:$I$501,MATCH(6,Itens!$M$2:$M$501,0))="","",INDEX(Itens!$I$2:$I$501,MATCH(6,Itens!$M$2:$M$501,0))),"") | G18: =IFERROR(IF(INDEX(Itens!$J$2:$J$501,MATCH(6,Itens!$M$2:$M$501,0))="","",INDEX(Itens!$J$2:$J$501,MATCH(6,Itens!$M$2:$M$501,0))),"") | H18: =IFERROR(IF(INDEX(Itens!$K$2:$K$501,MATCH(6,Itens!$M$2:$M$501,0))="","",INDEX(Itens!$K$2:$K$501,MATCH(6,Itens!$M$2:$M$501,0))),"") | I18: =IFERROR(IF(INDEX(Itens!$L$2:$L$501,MATCH(6,Itens!$M$2:$M$501,0))="","",INDEX(Itens!$L$2:$L$501,MATCH(6,Itens!$M$2:$M$501,0))),"")
A19: =IFERROR(IF(INDEX(Itens!$A$2:$A$501,MATCH(7,Itens!$M$2:$M$501,0))="","",INDEX(Itens!$A$2:$A$501,MATCH(7,Itens!$M$2:$M$501,0))),"") | B19: =IFERROR(IF(INDEX(Itens!$C$2:$C$501,MATCH(7,Itens!$M$2:$M$501,0))="","",INDEX(Itens!$C$2:$C$501,MATCH(7,Itens!$M$2:$M$501,0))),"") | C19: =IFERROR(IF(INDEX(Itens!$E$2:$E$501,MATCH(7,Itens!$M$2:$M$501,0))="","",INDEX(Itens!$E$2:$E$501,MATCH(7,Itens!$M$2:$M$501,0))),"") | D19: =IFERROR(IF(INDEX(Itens!$F$2:$F$501,MATCH(7,Itens!$M$2:$M$501,0))="","",INDEX(Itens!$F$2:$F$501,MATCH(7,Itens!$M$2:$M$501,0))),"") | E19: =IFERROR(IF(INDEX(Itens!$G$2:$G$501,MATCH(7,Itens!$M$2:$M$501,0))="","",INDEX(Itens!$G$2:$G$501,MATCH(7,Itens!$M$2:$M$501,0))),"") | F19: =IFERROR(IF(INDEX(Itens!$I$2:$I$501,MATCH(7,Itens!$M$2:$M$501,0))="","",INDEX(Itens!$I$2:$I$501,MATCH(7,Itens!$M$2:$M$501,0))),"") | G19: =IFERROR(IF(INDEX(Itens!$J$2:$J$501,MATCH(7,Itens!$M$2:$M$501,0))="","",INDEX(Itens!$J$2:$J$501,MATCH(7,Itens!$M$2:$M$501,0))),"") | H19: =IFERROR(IF(INDEX(Itens!$K$2:$K$501,MATCH(7,Itens!$M$2:$M$501,0))="","",INDEX(Itens!$K$2:$K$501,MATCH(7,Itens!$M$2:$M$501,0))),"") | I19: =IFERROR(IF(INDEX(Itens!$L$2:$L$501,MATCH(7,Itens!$M$2:$M$501,0))="","",INDEX(Itens!$L$2:$L$501,MATCH(7,Itens!$M$2:$M$501,0))),"")
A20: =IFERROR(IF(INDEX(Itens!$A$2:$A$501,MATCH(8,Itens!$M$2:$M$501,0))="","",INDEX(Itens!$A$2:$A$501,MATCH(8,Itens!$M$2:$M$501,0))),"") | B20: =IFERROR(IF(INDEX(Itens!$C$2:$C$501,MATCH(8,Itens!$M$2:$M$501,0))="","",INDEX(Itens!$C$2:$C$501,MATCH(8,Itens!$M$2:$M$501,0))),"") | C20: =IFERROR(IF(INDEX(Itens!$E$2:$E$501,MATCH(8,Itens!$M$2:$M$501,0))="","",INDEX(Itens!$E$2:$E$501,MATCH(8,Itens!$M$2:$M$501,0))),"") | D20: =IFERROR(IF(INDEX(Itens!$F$2:$F$501,MATCH(8,Itens!$M$2:$M$501,0))="","",INDEX(Itens!$F$2:$F$501,MATCH(8,Itens!$M$2:$M$501,0))),"") | E20: =IFERROR(IF(INDEX(Itens!$G$2:$G$501,MATCH(8,Itens!$M$2:$M$501,0))="","",INDEX(Itens!$G$2:$G$501,MATCH(8,Itens!$M$2:$M$501,0))),"") | F20: =IFERROR(IF(INDEX(Itens!$I$2:$I$501,MATCH(8,Itens!$M$2:$M$501,0))="","",INDEX(Itens!$I$2:$I$501,MATCH(8,Itens!$M$2:$M$501,0))),"") | G20: =IFERROR(IF(INDEX(Itens!$J$2:$J$501,MATCH(8,Itens!$M$2:$M$501,0))="","",INDEX(Itens!$J$2:$J$501,MATCH(8,Itens!$M$2:$M$501,0))),"") | H20: =IFERROR(IF(INDEX(Itens!$K$2:$K$501,MATCH(8,Itens!$M$2:$M$501,0))="","",INDEX(Itens!$K$2:$K$501,MATCH(8,Itens!$M$2:$M$501,0))),"") | I20: =IFERROR(IF(INDEX(Itens!$L$2:$L$501,MATCH(8,Itens!$M$2:$M$501,0))="","",INDEX(Itens!$L$2:$L$501,MATCH(8,Itens!$M$2:$M$501,0))),"")
A21: =IFERROR(IF(INDEX(Itens!$A$2:$A$501,MATCH(9,Itens!$M$2:$M$501,0))="","",INDEX(Itens!$A$2:$A$501,MATCH(9,Itens!$M$2:$M$501,0))),"") | B21: =IFERROR(IF(INDEX(Itens!$C$2:$C$501,MATCH(9,Itens!$M$2:$M$501,0))="","",INDEX(Itens!$C$2:$C$501,MATCH(9,Itens!$M$2:$M$501,0))),"") | C21: =IFERROR(IF(INDEX(Itens!$E$2:$E$501,MATCH(9,Itens!$M$2:$M$501,0))="","",INDEX(Itens!$E$2:$E$501,MATCH(9,Itens!$M$2:$M$501,0))),"") | D21: =IFERROR(IF(INDEX(Itens!$F$2:$F$501,MATCH(9,Itens!$M$2:$M$501,0))="","",INDEX(Itens!$F$2:$F$501,MATCH(9,Itens!$M$2:$M$501,0))),"") | E21: =IFERROR(IF(INDEX(Itens!$G$2:$G$501,MATCH(9,Itens!$M$2:$M$501,0))="","",INDEX(Itens!$G$2:$G$501,MATCH(9,Itens!$M$2:$M$501,0))),"") | F21: =IFERROR(IF(INDEX(Itens!$I$2:$I$501,MATCH(9,Itens!$M$2:$M$501,0))="","",INDEX(Itens!$I$2:$I$501,MATCH(9,Itens!$M$2:$M$501,0))),"") | G21: =IFERROR(IF(INDEX(Itens!$J$2:$J$501,MATCH(9,Itens!$M$2:$M$501,0))="","",INDEX(Itens!$J$2:$J$501,MATCH(9,Itens!$M$2:$M$501,0))),"") | H21: =IFERROR(IF(INDEX(Itens!$K$2:$K$501,MATCH(9,Itens!$M$2:$M$501,0))="","",INDEX(Itens!$K$2:$K$501,MATCH(9,Itens!$M$2:$M$501,0))),"") | I21: =IFERROR(IF(INDEX(Itens!$L$2:$L$501,MATCH(9,Itens!$M$2:$M$501,0))="","",INDEX(Itens!$L$2:$L$501,MATCH(9,Itens!$M$2:$M$501,0))),"")
A22: =IFERROR(IF(INDEX(Itens!$A$2:$A$501,MATCH(10,Itens!$M$2:$M$501,0))="","",INDEX(Itens!$A$2:$A$501,MATCH(10,Itens!$M$2:$M$501,0))),"") | B22: =IFERROR(IF(INDEX(Itens!$C$2:$C$501,MATCH(10,Itens!$M$2:$M$501,0))="","",INDEX(Itens!$C$2:$C$501,MATCH(10,Itens!$M$2:$M$501,0))),"") | C22: =IFERROR(IF(INDEX(Itens!$E$2:$E$501,MATCH(10,Itens!$M$2:$M$501,0))="","",INDEX(Itens!$E$2:$E$501,MATCH(10,Itens!$M$2:$M$501,0))),"") | D22: =IFERROR(IF(INDEX(Itens!$F$2:$F$501,MATCH(10,Itens!$M$2:$M$501,0))="","",INDEX(Itens!$F$2:$F$501,MATCH(10,Itens!$M$2:$M$501,0))),"") | E22: =IFERROR(IF(INDEX(Itens!$G$2:$G$501,MATCH(10,Itens!$M$2:$M$501,0))="","",INDEX(Itens!$G$2:$G$501,MATCH(10,Itens!$M$2:$M$501,0))),"") | F22: =IFERROR(IF(INDEX(Itens!$I$2:$I$501,MATCH(10,Itens!$M$2:$M$501,0))="","",INDEX(Itens!$I$2:$I$501,MATCH(10,Itens!$M$2:$M$501,0))),"") | G22: =IFERROR(IF(INDEX(Itens!$J$2:$J$501,MATCH(10,Itens!$M$2:$M$501,0))="","",INDEX(Itens!$J$2:$J$501,MATCH(10,Itens!$M$2:$M$501,0))),"") | H22: =IFERROR(IF(INDEX(Itens!$K$2:$K$501,MATCH(10,Itens!$M$2:$M$501,0))="","",INDEX(Itens!$K$2:$K$501,MATCH(10,Itens!$M$2:$M$501,0))),"") | I22: =IFERROR(IF(INDEX(Itens!$L$2:$L$501,MATCH(10,Itens!$M$2:$M$501,0))="","",INDEX(Itens!$L$2:$L$501,MATCH(10,Itens!$M$2:$M$501,0))),"")
A23: =IFERROR(IF(INDEX(Itens!$A$2:$A$501,MATCH(11,Itens!$M$2:$M$501,0))="","",INDEX(Itens!$A$2:$A$501,MATCH(11,Itens!$M$2:$M$501,0))),"") | B23: =IFERROR(IF(INDEX(Itens!$C$2:$C$501,MATCH(11,Itens!$M$2:$M$501,0))="","",INDEX(Itens!$C$2:$C$501,MATCH(11,Itens!$M$2:$M$501,0))),"") | C23: =IFERROR(IF(INDEX(Itens!$E$2:$E$501,MATCH(11,Itens!$M$2:$M$501,0))="","",INDEX(Itens!$E$2:$E$501,MATCH(11,Itens!$M$2:$M$501,0))),"") | D23: =IFERROR(IF(INDEX(Itens!$F$2:$F$501,MATCH(11,Itens!$M$2:$M$501,0))="","",INDEX(Itens!$F$2:$F$501,MATCH(11,Itens!$M$2:$M$501,0))),"") | E23: =IFERROR(IF(INDEX(Itens!$G$2:$G$501,MATCH(11,Itens!$M$2:$M$501,0))="","",INDEX(Itens!$G$2:$G$501,MATCH(11,Itens!$M$2:$M$501,0))),"") | F23: =IFERROR(IF(INDEX(Itens!$I$2:$I$501,MATCH(11,Itens!$M$2:$M$501,0))="","",INDEX(Itens!$I$2:$I$501,MATCH(11,Itens!$M$2:$M$501,0))),"") | G23: =IFERROR(IF(INDEX(Itens!$J$2:$J$501,MATCH(11,Itens!$M$2:$M$501,0))="","",INDEX(Itens!$J$2:$J$501,MATCH(11,Itens!$M$2:$M$501,0))),"") | H23: =IFERROR(IF(INDEX(Itens!$K$2:$K$501,MATCH(11,Itens!$M$2:$M$501,0))="","",INDEX(Itens!$K$2:$K$501,MATCH(11,Itens!$M$2:$M$501,0))),"") | I23: =IFERROR(IF(INDEX(Itens!$L$2:$L$501,MATCH(11,Itens!$M$2:$M$501,0))="","",INDEX(Itens!$L$2:$L$501,MATCH(11,Itens!$M$2:$M$501,0))),"")
A24: =IFERROR(IF(INDEX(Itens!$A$2:$A$501,MATCH(12,Itens!$M$2:$M$501,0))="","",INDEX(Itens!$A$2:$A$501,MATCH(12,Itens!$M$2:$M$501,0))),"") | B24: =IFERROR(IF(INDEX(Itens!$C$2:$C$501,MATCH(12,Itens!$M$2:$M$501,0))="","",INDEX(Itens!$C$2:$C$501,MATCH(12,Itens!$M$2:$M$501,0))),"") | C24: =IFERROR(IF(INDEX(Itens!$E$2:$E$501,MATCH(12,Itens!$M$2:$M$501,0))="","",INDEX(Itens!$E$2:$E$501,MATCH(12,Itens!$M$2:$M$501,0))),"") | D24: =IFERROR(IF(INDEX(Itens!$F$2:$F$501,MATCH(12,Itens!$M$2:$M$501,0))="","",INDEX(Itens!$F$2:$F$501,MATCH(12,Itens!$M$2:$M$501,0))),"") | E24: =IFERROR(IF(INDEX(Itens!$G$2:$G$501,MATCH(12,Itens!$M$2:$M$501,0))="","",INDEX(Itens!$G$2:$G$501,MATCH(12,Itens!$M$2:$M$501,0))),"") | F24: =IFERROR(IF(INDEX(Itens!$I$2:$I$501,MATCH(12,Itens!$M$2:$M$501,0))="","",INDEX(Itens!$I$2:$I$501,MATCH(12,Itens!$M$2:$M$501,0))),"") | G24: =IFERROR(IF(INDEX(Itens!$J$2:$J$501,MATCH(12,Itens!$M$2:$M$501,0))="","",INDEX(Itens!$J$2:$J$501,MATCH(12,Itens!$M$2:$M$501,0))),"") | H24: =IFERROR(IF(INDEX(Itens!$K$2:$K$501,MATCH(12,Itens!$M$2:$M$501,0))="","",INDEX(Itens!$K$2:$K$501,MATCH(12,Itens!$M$2:$M$501,0))),"") | I24: =IFERROR(IF(INDEX(Itens!$L$2:$L$501,MATCH(12,Itens!$M$2:$M$501,0))="","",INDEX(Itens!$L$2:$L$501,MATCH(12,Itens!$M$2:$M$501,0))),"")
A25: =IFERROR(IF(INDEX(Itens!$A$2:$A$501,MATCH(13,Itens!$M$2:$M$501,0))="","",INDEX(Itens!$A$2:$A$501,MATCH(13,Itens!$M$2:$M$501,0))),"") | B25: =IFERROR(IF(INDEX(Itens!$C$2:$C$501,MATCH(13,Itens!$M$2:$M$501,0))="","",INDEX(Itens!$C$2:$C$501,MATCH(13,Itens!$M$2:$M$501,0))),"") | C25: =IFERROR(IF(INDEX(Itens!$E$2:$E$501,MATCH(13,Itens!$M$2:$M$501,0))="","",INDEX(Itens!$E$2:$E$501,MATCH(13,Itens!$M$2:$M$501,0))),"") | D25: =IFERROR(IF(INDEX(Itens!$F$2:$F$501,MATCH(13,Itens!$M$2:$M$501,0))="","",INDEX(Itens!$F$2:$F$501,MATCH(13,Itens!$M$2:$M$501,0))),"") | E25: =IFERROR(IF(INDEX(Itens!$G$2:$G$501,MATCH(13,Itens!$M$2:$M$501,0))="","",INDEX(Itens!$G$2:$G$501,MATCH(13,Itens!$M$2:$M$501,0))),"") | F25: =IFERROR(IF(INDEX(Itens!$I$2:$I$501,MATCH(13,Itens!$M$2:$M$501,0))="","",INDEX(Itens!$I$2:$I$501,MATCH(13,Itens!$M$2:$M$501,0))),"") | G25: =IFERROR(IF(INDEX(Itens!$J$2:$J$501,MATCH(13,Itens!$M$2:$M$501,0))="","",INDEX(Itens!$J$2:$J$501,MATCH(13,Itens!$M$2:$M$501,0))),"") | H25: =IFERROR(IF(INDEX(Itens!$K$2:$K$501,MATCH(13,Itens!$M$2:$M$501,0))="","",INDEX(Itens!$K$2:$K$501,MATCH(13,Itens!$M$2:$M$501,0))),"") | I25: =IFERROR(IF(INDEX(Itens!$L$2:$L$501,MATCH(13,Itens!$M$2:$M$501,0))="","",INDEX(Itens!$L$2:$L$501,MATCH(13,Itens!$M$2:$M$501,0))),"")
A26: =IFERROR(IF(INDEX(Itens!$A$2:$A$501,MATCH(14,Itens!$M$2:$M$501,0))="","",INDEX(Itens!$A$2:$A$501,MATCH(14,Itens!$M$2:$M$501,0))),"") | B26: =IFERROR(IF(INDEX(Itens!$C$2:$C$501,MATCH(14,Itens!$M$2:$M$501,0))="","",INDEX(Itens!$C$2:$C$501,MATCH(14,Itens!$M$2:$M$501,0))),"") | C26: =IFERROR(IF(INDEX(Itens!$E$2:$E$501,MATCH(14,Itens!$M$2:$M$501,0))="","",INDEX(Itens!$E$2:$E$501,MATCH(14,Itens!$M$2:$M$501,0))),"") | D26: =IFERROR(IF(INDEX(Itens!$F$2:$F$501,MATCH(14,Itens!$M$2:$M$501,0))="","",INDEX(Itens!$F$2:$F$501,MATCH(14,Itens!$M$2:$M$501,0))),"") | E26: =IFERROR(IF(INDEX(Itens!$G$2:$G$501,MATCH(14,Itens!$M$2:$M$501,0))="","",INDEX(Itens!$G$2:$G$501,MATCH(14,Itens!$M$2:$M$501,0))),"") | F26: =IFERROR(IF(INDEX(Itens!$I$2:$I$501,MATCH(14,Itens!$M$2:$M$501,0))="","",INDEX(Itens!$I$2:$I$501,MATCH(14,Itens!$M$2:$M$501,0))),"") | G26: =IFERROR(IF(INDEX(Itens!$J$2:$J$501,MATCH(14,Itens!$M$2:$M$501,0))="","",INDEX(Itens!$J$2:$J$501,MATCH(14,Itens!$M$2:$M$501,0))),"") | H26: =IFERROR(IF(INDEX(Itens!$K$2:$K$501,MATCH(14,Itens!$M$2:$M$501,0))="","",INDEX(Itens!$K$2:$K$501,MATCH(14,Itens!$M$2:$M$501,0))),"") | I26: =IFERROR(IF(INDEX(Itens!$L$2:$L$501,MATCH(14,Itens!$M$2:$M$501,0))="","",INDEX(Itens!$L$2:$L$501,MATCH(14,Itens!$M$2:$M$501,0))),"")
A27: =IFERROR(IF(INDEX(Itens!$A$2:$A$501,MATCH(15,Itens!$M$2:$M$501,0))="","",INDEX(Itens!$A$2:$A$501,MATCH(15,Itens!$M$2:$M$501,0))),"") | B27: =IFERROR(IF(INDEX(Itens!$C$2:$C$501,MATCH(15,Itens!$M$2:$M$501,0))="","",INDEX(Itens!$C$2:$C$501,MATCH(15,Itens!$M$2:$M$501,0))),"") | C27: =IFERROR(IF(INDEX(Itens!$E$2:$E$501,MATCH(15,Itens!$M$2:$M$501,0))="","",INDEX(Itens!$E$2:$E$501,MATCH(15,Itens!$M$2:$M$501,0))),"") | D27: =IFERROR(IF(INDEX(Itens!$F$2:$F$501,MATCH(15,Itens!$M$2:$M$501,0))="","",INDEX(Itens!$F$2:$F$501,MATCH(15,Itens!$M$2:$M$501,0))),"") | E27: =IFERROR(IF(INDEX(Itens!$G$2:$G$501,MATCH(15,Itens!$M$2:$M$501,0))="","",INDEX(Itens!$G$2:$G$501,MATCH(15,Itens!$M$2:$M$501,0))),"") | F27: =IFERROR(IF(INDEX(Itens!$I$2:$I$501,MATCH(15,Itens!$M$2:$M$501,0))="","",INDEX(Itens!$I$2:$I$501,MATCH(15,Itens!$M$2:$M$501,0))),"") | G27: =IFERROR(IF(INDEX(Itens!$J$2:$J$501,MATCH(15,Itens!$M$2:$M$501,0))="","",INDEX(Itens!$J$2:$J$501,MATCH(15,Itens!$M$2:$M$501,0))),"") | H27: =IFERROR(IF(INDEX(Itens!$K$2:$K$501,MATCH(15,Itens!$M$2:$M$501,0))="","",INDEX(Itens!$K$2:$K$501,MATCH(15,Itens!$M$2:$M$501,0))),"") | I27: =IFERROR(IF(INDEX(Itens!$L$2:$L$501,MATCH(15,Itens!$M$2:$M$501,0))="","",INDEX(Itens!$L$2:$L$501,MATCH(15,Itens!$M$2:$M$501,0))),"")
A28: =IFERROR(IF(INDEX(Itens!$A$2:$A$501,MATCH(16,Itens!$M$2:$M$501,0))="","",INDEX(Itens!$A$2:$A$501,MATCH(16,Itens!$M$2:$M$501,0))),"") | B28: =IFERROR(IF(INDEX(Itens!$C$2:$C$501,MATCH(16,Itens!$M$2:$M$501,0))="","",INDEX(Itens!$C$2:$C$501,MATCH(16,Itens!$M$2:$M$501,0))),"") | C28: =IFERROR(IF(INDEX(Itens!$E$2:$E$501,MATCH(16,Itens!$M$2:$M$501,0))="","",INDEX(Itens!$E$2:$E$501,MATCH(16,Itens!$M$2:$M$501,0))),"") | D28: =IFERROR(IF(INDEX(Itens!$F$2:$F$501,MATCH(16,Itens!$M$2:$M$501,0))="","",INDEX(Itens!$F$2:$F$501,MATCH(16,Itens!$M$2:$M$501,0))),"") | E28: =IFERROR(IF(INDEX(Itens!$G$2:$G$501,MATCH(16,Itens!$M$2:$M$501,0))="","",INDEX(Itens!$G$2:$G$501,MATCH(16,Itens!$M$2:$M$501,0))),"") | F28: =IFERROR(IF(INDEX(Itens!$I$2:$I$501,MATCH(16,Itens!$M$2:$M$501,0))="","",INDEX(Itens!$I$2:$I$501,MATCH(16,Itens!$M$2:$M$501,0))),"") | G28: =IFERROR(IF(INDEX(Itens!$J$2:$J$501,MATCH(16,Itens!$M$2:$M$501,0))="","",INDEX(Itens!$J$2:$J$501,MATCH(16,Itens!$M$2:$M$501,0))),"") | H28: =IFERROR(IF(INDEX(Itens!$K$2:$K$501,MATCH(16,Itens!$M$2:$M$501,0))="","",INDEX(Itens!$K$2:$K$501,MATCH(16,Itens!$M$2:$M$501,0))),"") | I28: =IFERROR(IF(INDEX(Itens!$L$2:$L$501,MATCH(16,Itens!$M$2:$M$501,0))="","",INDEX(Itens!$L$2:$L$501,MATCH(16,Itens!$M$2:$M$501,0))),"")
A29: =IFERROR(IF(INDEX(Itens!$A$2:$A$501,MATCH(17,Itens!$M$2:$M$501,0))="","",INDEX(Itens!$A$2:$A$501,MATCH(17,Itens!$M$2:$M$501,0))),"") | B29: =IFERROR(IF(INDEX(Itens!$C$2:$C$501,MATCH(17,Itens!$M$2:$M$501,0))="","",INDEX(Itens!$C$2:$C$501,MATCH(17,Itens!$M$2:$M$501,0))),"") | C29: =IFERROR(IF(INDEX(Itens!$E$2:$E$501,MATCH(17,Itens!$M$2:$M$501,0))="","",INDEX(Itens!$E$2:$E$501,MATCH(17,Itens!$M$2:$M$501,0))),"") | D29: =IFERROR(IF(INDEX(Itens!$F$2:$F$501,MATCH(17,Itens!$M$2:$M$501,0))="","",INDEX(Itens!$F$2:$F$501,MATCH(17,Itens!$M$2:$M$501,0))),"") | E29: =IFERROR(IF(INDEX(Itens!$G$2:$G$501,MATCH(17,Itens!$M$2:$M$501,0))="","",INDEX(Itens!$G$2:$G$501,MATCH(17,Itens!$M$2:$M$501,0))),"") | F29: =IFERROR(IF(INDEX(Itens!$I$2:$I$501,MATCH(17,Itens!$M$2:$M$501,0))="","",INDEX(Itens!$I$2:$I$501,MATCH(17,Itens!$M$2:$M$501,0))),"") | G29: =IFERROR(IF(INDEX(Itens!$J$2:$J$501,MATCH(17,Itens!$M$2:$M$501,0))="","",INDEX(Itens!$J$2:$J$501,MATCH(17,Itens!$M$2:$M$501,0))),"") | H29: =IFERROR(IF(INDEX(Itens!$K$2:$K$501,MATCH(17,Itens!$M$2:$M$501,0))="","",INDEX(Itens!$K$2:$K$501,MATCH(17,Itens!$M$2:$M$501,0))),"") | I29: =IFERROR(IF(INDEX(Itens!$L$2:$L$501,MATCH(17,Itens!$M$2:$M$501,0))="","",INDEX(Itens!$L$2:$L$501,MATCH(17,Itens!$M$2:$M$501,0))),"")
A30: =IFERROR(IF(INDEX(Itens!$A$2:$A$501,MATCH(18,Itens!$M$2:$M$501,0))="","",INDEX(Itens!$A$2:$A$501,MATCH(18,Itens!$M$2:$M$501,0))),"") | B30: =IFERROR(IF(INDEX(Itens!$C$2:$C$501,MATCH(18,Itens!$M$2:$M$501,0))="","",INDEX(Itens!$C$2:$C$501,MATCH(18,Itens!$M$2:$M$501,0))),"") | C30: =IFERROR(IF(INDEX(Itens!$E$2:$E$501,MATCH(18,Itens!$M$2:$M$501,0))="","",INDEX(Itens!$E$2:$E$501,MATCH(18,Itens!$M$2:$M$501,0))),"") | D30: =IFERROR(IF(INDEX(Itens!$F$2:$F$501,MATCH(18,Itens!$M$2:$M$501,0))="","",INDEX(Itens!$F$2:$F$501,MATCH(18,Itens!$M$2:$M$501,0))),"") | E30: =IFERROR(IF(INDEX(Itens!$G$2:$G$501,MATCH(18,Itens!$M$2:$M$501,0))="","",INDEX(Itens!$G$2:$G$501,MATCH(18,Itens!$M$2:$M$501,0))),"") | F30: =IFERROR(IF(INDEX(Itens!$I$2:$I$501,MATCH(18,Itens!$M$2:$M$501,0))="","",INDEX(Itens!$I$2:$I$501,MATCH(18,Itens!$M$2:$M$501,0))),"") | G30: =IFERROR(IF(INDEX(Itens!$J$2:$J$501,MATCH(18,Itens!$M$2:$M$501,0))="","",INDEX(Itens!$J$2:$J$501,MATCH(18,Itens!$M$2:$M$501,0))),"") | H30: =IFERROR(IF(INDEX(Itens!$K$2:$K$501,MATCH(18,Itens!$M$2:$M$501,0))="","",INDEX(Itens!$K$2:$K$501,MATCH(18,Itens!$M$2:$M$501,0))),"") | I30: =IFERROR(IF(INDEX(Itens!$L$2:$L$501,MATCH(18,Itens!$M$2:$M$501,0))="","",INDEX(Itens!$L$2:$L$501,MATCH(18,Itens!$M$2:$M$501,0))),"")
A31: =IFERROR(IF(INDEX(Itens!$A$2:$A$501,MATCH(19,Itens!$M$2:$M$501,0))="","",INDEX(Itens!$A$2:$A$501,MATCH(19,Itens!$M$2:$M$501,0))),"") | B31: =IFERROR(IF(INDEX(Itens!$C$2:$C$501,MATCH(19,Itens!$M$2:$M$501,0))="","",INDEX(Itens!$C$2:$C$501,MATCH(19,Itens!$M$2:$M$501,0))),"") | C31: =IFERROR(IF(INDEX(Itens!$E$2:$E$501,MATCH(19,Itens!$M$2:$M$501,0))="","",INDEX(Itens!$E$2:$E$501,MATCH(19,Itens!$M$2:$M$501,0))),"") | D31: =IFERROR(IF(INDEX(Itens!$F$2:$F$501,MATCH(19,Itens!$M$2:$M$501,0))="","",INDEX(Itens!$F$2:$F$501,MATCH(19,Itens!$M$2:$M$501,0))),"") | E31: =IFERROR(IF(INDEX(Itens!$G$2:$G$501,MATCH(19,Itens!$M$2:$M$501,0))="","",INDEX(Itens!$G$2:$G$501,MATCH(19,Itens!$M$2:$M$501,0))),"") | F31: =IFERROR(IF(INDEX(Itens!$I$2:$I$501,MATCH(19,Itens!$M$2:$M$501,0))="","",INDEX(Itens!$I$2:$I$501,MATCH(19,Itens!$M$2:$M$501,0))),"") | G31: =IFERROR(IF(INDEX(Itens!$J$2:$J$501,MATCH(19,Itens!$M$2:$M$501,0))="","",INDEX(Itens!$J$2:$J$501,MATCH(19,Itens!$M$2:$M$501,0))),"") | H31: =IFERROR(IF(INDEX(Itens!$K$2:$K$501,MATCH(19,Itens!$M$2:$M$501,0))="","",INDEX(Itens!$K$2:$K$501,MATCH(19,Itens!$M$2:$M$501,0))),"") | I31: =IFERROR(IF(INDEX(Itens!$L$2:$L$501,MATCH(19,Itens!$M$2:$M$501,0))="","",INDEX(Itens!$L$2:$L$501,MATCH(19,Itens!$M$2:$M$501,0))),"")
A32: =IFERROR(IF(INDEX(Itens!$A$2:$A$501,MATCH(20,Itens!$M$2:$M$501,0))="","",INDEX(Itens!$A$2:$A$501,MATCH(20,Itens!$M$2:$M$501,0))),"") | B32: =IFERROR(IF(INDEX(Itens!$C$2:$C$501,MATCH(20,Itens!$M$2:$M$501,0))="","",INDEX(Itens!$C$2:$C$501,MATCH(20,Itens!$M$2:$M$501,0))),"") | C32: =IFERROR(IF(INDEX(Itens!$E$2:$E$501,MATCH(20,Itens!$M$2:$M$501,0))="","",INDEX(Itens!$E$2:$E$501,MATCH(20,Itens!$M$2:$M$501,0))),"") | D32: =IFERROR(IF(INDEX(Itens!$F$2:$F$501,MATCH(20,Itens!$M$2:$M$501,0))="","",INDEX(Itens!$F$2:$F$501,MATCH(20,Itens!$M$2:$M$501,0))),"") | E32: =IFERROR(IF(INDEX(Itens!$G$2:$G$501,MATCH(20,Itens!$M$2:$M$501,0))="","",INDEX(Itens!$G$2:$G$501,MATCH(20,Itens!$M$2:$M$501,0))),"") | F32: =IFERROR(IF(INDEX(Itens!$I$2:$I$501,MATCH(20,Itens!$M$2:$M$501,0))="","",INDEX(Itens!$I$2:$I$501,MATCH(20,Itens!$M$2:$M$501,0))),"") | G32: =IFERROR(IF(INDEX(Itens!$J$2:$J$501,MATCH(20,Itens!$M$2:$M$501,0))="","",INDEX(Itens!$J$2:$J$501,MATCH(20,Itens!$M$2:$M$501,0))),"") | H32: =IFERROR(IF(INDEX(Itens!$K$2:$K$501,MATCH(20,Itens!$M$2:$M$501,0))="","",INDEX(Itens!$K$2:$K$501,MATCH(20,Itens!$M$2:$M$501,0))),"") | I32: =IFERROR(IF(INDEX(Itens!$L$2:$L$501,MATCH(20,Itens!$M$2:$M$501,0))="","",INDEX(Itens!$L$2:$L$501,MATCH(20,Itens!$M$2:$M$501,0))),"")
A33: =IFERROR(IF(INDEX(Itens!$A$2:$A$501,MATCH(21,Itens!$M$2:$M$501,0))="","",INDEX(Itens!$A$2:$A$501,MATCH(21,Itens!$M$2:$M$501,0))),"") | B33: =IFERROR(IF(INDEX(Itens!$C$2:$C$501,MATCH(21,Itens!$M$2:$M$501,0))="","",INDEX(Itens!$C$2:$C$501,MATCH(21,Itens!$M$2:$M$501,0))),"") | C33: =IFERROR(IF(INDEX(Itens!$E$2:$E$501,MATCH(21,Itens!$M$2:$M$501,0))="","",INDEX(Itens!$E$2:$E$501,MATCH(21,Itens!$M$2:$M$501,0))),"") | D33: =IFERROR(IF(INDEX(Itens!$F$2:$F$501,MATCH(21,Itens!$M$2:$M$501,0))="","",INDEX(Itens!$F$2:$F$501,MATCH(21,Itens!$M$2:$M$501,0))),"") | E33: =IFERROR(IF(INDEX(Itens!$G$2:$G$501,MATCH(21,Itens!$M$2:$M$501,0))="","",INDEX(Itens!$G$2:$G$501,MATCH(21,Itens!$M$2:$M$501,0))),"") | F33: =IFERROR(IF(INDEX(Itens!$I$2:$I$501,MATCH(21,Itens!$M$2:$M$501,0))="","",INDEX(Itens!$I$2:$I$501,MATCH(21,Itens!$M$2:$M$501,0))),"") | G33: =IFERROR(IF(INDEX(Itens!$J$2:$J$501,MATCH(21,Itens!$M$2:$M$501,0))="","",INDEX(Itens!$J$2:$J$501,MATCH(21,Itens!$M$2:$M$501,0))),"") | H33: =IFERROR(IF(INDEX(Itens!$K$2:$K$501,MATCH(21,Itens!$M$2:$M$501,0))="","",INDEX(Itens!$K$2:$K$501,MATCH(21,Itens!$M$2:$M$501,0))),"") | I33: =IFERROR(IF(INDEX(Itens!$L$2:$L$501,MATCH(21,Itens!$M$2:$M$501,0))="","",INDEX(Itens!$L$2:$L$501,MATCH(21,Itens!$M$2:$M$501,0))),"")
A34: =IFERROR(IF(INDEX(Itens!$A$2:$A$501,MATCH(22,Itens!$M$2:$M$501,0))="","",INDEX(Itens!$A$2:$A$501,MATCH(22,Itens!$M$2:$M$501,0))),"") | B34: =IFERROR(IF(INDEX(Itens!$C$2:$C$501,MATCH(22,Itens!$M$2:$M$501,0))="","",INDEX(Itens!$C$2:$C$501,MATCH(22,Itens!$M$2:$M$501,0))),"") | C34: =IFERROR(IF(INDEX(Itens!$E$2:$E$501,MATCH(22,Itens!$M$2:$M$501,0))="","",INDEX(Itens!$E$2:$E$501,MATCH(22,Itens!$M$2:$M$501,0))),"") | D34: =IFERROR(IF(INDEX(Itens!$F$2:$F$501,MATCH(22,Itens!$M$2:$M$501,0))="","",INDEX(Itens!$F$2:$F$501,MATCH(22,Itens!$M$2:$M$501,0))),"") | E34: =IFERROR(IF(INDEX(Itens!$G$2:$G$501,MATCH(22,Itens!$M$2:$M$501,0))="","",INDEX(Itens!$G$2:$G$501,MATCH(22,Itens!$M$2:$M$501,0))),"") | F34: =IFERROR(IF(INDEX(Itens!$I$2:$I$501,MATCH(22,Itens!$M$2:$M$501,0))="","",INDEX(Itens!$I$2:$I$501,MATCH(22,Itens!$M$2:$M$501,0))),"") | G34: =IFERROR(IF(INDEX(Itens!$J$2:$J$501,MATCH(22,Itens!$M$2:$M$501,0))="","",INDEX(Itens!$J$2:$J$501,MATCH(22,Itens!$M$2:$M$501,0))),"") | H34: =IFERROR(IF(INDEX(Itens!$K$2:$K$501,MATCH(22,Itens!$M$2:$M$501,0))="","",INDEX(Itens!$K$2:$K$501,MATCH(22,Itens!$M$2:$M$501,0))),"") | I34: =IFERROR(IF(INDEX(Itens!$L$2:$L$501,MATCH(22,Itens!$M$2:$M$501,0))="","",INDEX(Itens!$L$2:$L$501,MATCH(22,Itens!$M$2:$M$501,0))),"")
A35: =IFERROR(IF(INDEX(Itens!$A$2:$A$501,MATCH(23,Itens!$M$2:$M$501,0))="","",INDEX(Itens!$A$2:$A$501,MATCH(23,Itens!$M$2:$M$501,0))),"") | B35: =IFERROR(IF(INDEX(Itens!$C$2:$C$501,MATCH(23,Itens!$M$2:$M$501,0))="","",INDEX(Itens!$C$2:$C$501,MATCH(23,Itens!$M$2:$M$501,0))),"") | C35: =IFERROR(IF(INDEX(Itens!$E$2:$E$501,MATCH(23,Itens!$M$2:$M$501,0))="","",INDEX(Itens!$E$2:$E$501,MATCH(23,Itens!$M$2:$M$501,0))),"") | D35: =IFERROR(IF(INDEX(Itens!$F$2:$F$501,MATCH(23,Itens!$M$2:$M$501,0))="","",INDEX(Itens!$F$2:$F$501,MATCH(23,Itens!$M$2:$M$501,0))),"") | E35: =IFERROR(IF(INDEX(Itens!$G$2:$G$501,MATCH(23,Itens!$M$2:$M$501,0))="","",INDEX(Itens!$G$2:$G$501,MATCH(23,Itens!$M$2:$M$501,0))),"") | F35: =IFERROR(IF(INDEX(Itens!$I$2:$I$501,MATCH(23,Itens!$M$2:$M$501,0))="","",INDEX(Itens!$I$2:$I$501,MATCH(23,Itens!$M$2:$M$501,0))),"") | G35: =IFERROR(IF(INDEX(Itens!$J$2:$J$501,MATCH(23,Itens!$M$2:$M$501,0))="","",INDEX(Itens!$J$2:$J$501,MATCH(23,Itens!$M$2:$M$501,0))),"") | H35: =IFERROR(IF(INDEX(Itens!$K$2:$K$501,MATCH(23,Itens!$M$2:$M$501,0))="","",INDEX(Itens!$K$2:$K$501,MATCH(23,Itens!$M$2:$M$501,0))),"") | I35: =IFERROR(IF(INDEX(Itens!$L$2:$L$501,MATCH(23,Itens!$M$2:$M$501,0))="","",INDEX(Itens!$L$2:$L$501,MATCH(23,Itens!$M$2:$M$501,0))),"")
A36: =IFERROR(IF(INDEX(Itens!$A$2:$A$501,MATCH(24,Itens!$M$2:$M$501,0))="","",INDEX(Itens!$A$2:$A$501,MATCH(24,Itens!$M$2:$M$501,0))),"") | B36: =IFERROR(IF(INDEX(Itens!$C$2:$C$501,MATCH(24,Itens!$M$2:$M$501,0))="","",INDEX(Itens!$C$2:$C$501,MATCH(24,Itens!$M$2:$M$501,0))),"") | C36: =IFERROR(IF(INDEX(Itens!$E$2:$E$501,MATCH(24,Itens!$M$2:$M$501,0))="","",INDEX(Itens!$E$2:$E$501,MATCH(24,Itens!$M$2:$M$501,0))),"") | D36: =IFERROR(IF(INDEX(Itens!$F$2:$F$501,MATCH(24,Itens!$M$2:$M$501,0))="","",INDEX(Itens!$F$2:$F$501,MATCH(24,Itens!$M$2:$M$501,0))),"") | E36: =IFERROR(IF(INDEX(Itens!$G$2:$G$501,MATCH(24,Itens!$M$2:$M$501,0))="","",INDEX(Itens!$G$2:$G$501,MATCH(24,Itens!$M$2:$M$501,0))),"") | F36: =IFERROR(IF(INDEX(Itens!$I$2:$I$501,MATCH(24,Itens!$M$2:$M$501,0))="","",INDEX(Itens!$I$2:$I$501,MATCH(24,Itens!$M$2:$M$501,0))),"") | G36: =IFERROR(IF(INDEX(Itens!$J$2:$J$501,MATCH(24,Itens!$M$2:$M$501,0))="","",INDEX(Itens!$J$2:$J$501,MATCH(24,Itens!$M$2:$M$501,0))),"") | H36: =IFERROR(IF(INDEX(Itens!$K$2:$K$501,MATCH(24,Itens!$M$2:$M$501,0))="","",INDEX(Itens!$K$2:$K$501,MATCH(24,Itens!$M$2:$M$501,0))),"") | I36: =IFERROR(IF(INDEX(Itens!$L$2:$L$501,MATCH(24,Itens!$M$2:$M$501,0))="","",INDEX(Itens!$L$2:$L$501,MATCH(24,Itens!$M$2:$M$501,0))),"")
A37: =IFERROR(IF(INDEX(Itens!$A$2:$A$501,MATCH(25,Itens!$M$2:$M$501,0))="","",INDEX(Itens!$A$2:$A$501,MATCH(25,Itens!$M$2:$M$501,0))),"") | B37: =IFERROR(IF(INDEX(Itens!$C$2:$C$501,MATCH(25,Itens!$M$2:$M$501,0))="","",INDEX(Itens!$C$2:$C$501,MATCH(25,Itens!$M$2:$M$501,0))),"") | C37: =IFERROR(IF(INDEX(Itens!$E$2:$E$501,MATCH(25,Itens!$M$2:$M$501,0))="","",INDEX(Itens!$E$2:$E$501,MATCH(25,Itens!$M$2:$M$501,0))),"") | D37: =IFERROR(IF(INDEX(Itens!$F$2:$F$501,MATCH(25,Itens!$M$2:$M$501,0))="","",INDEX(Itens!$F$2:$F$501,MATCH(25,Itens!$M$2:$M$501,0))),"") | E37: =IFERROR(IF(INDEX(Itens!$G$2:$G$501,MATCH(25,Itens!$M$2:$M$501,0))="","",INDEX(Itens!$G$2:$G$501,MATCH(25,Itens!$M$2:$M$501,0))),"") | F37: =IFERROR(IF(INDEX(Itens!$I$2:$I$501,MATCH(25,Itens!$M$2:$M$501,0))="","",INDEX(Itens!$I$2:$I$501,MATCH(25,Itens!$M$2:$M$501,0))),"") | G37: =IFERROR(IF(INDEX(Itens!$J$2:$J$501,MATCH(25,Itens!$M$2:$M$501,0))="","",INDEX(Itens!$J$2:$J$501,MATCH(25,Itens!$M$2:$M$501,0))),"") | H37: =IFERROR(IF(INDEX(Itens!$K$2:$K$501,MATCH(25,Itens!$M$2:$M$501,0))="","",INDEX(Itens!$K$2:$K$501,MATCH(25,Itens!$M$2:$M$501,0))),"") | I37: =IFERROR(IF(INDEX(Itens!$L$2:$L$501,MATCH(25,Itens!$M$2:$M$501,0))="","",INDEX(Itens!$L$2:$L$501,MATCH(25,Itens!$M$2:$M$501,0))),"")
A38: =IFERROR(IF(INDEX(Itens!$A$2:$A$501,MATCH(26,Itens!$M$2:$M$501,0))="","",INDEX(Itens!$A$2:$A$501,MATCH(26,Itens!$M$2:$M$501,0))),"") | B38: =IFERROR(IF(INDEX(Itens!$C$2:$C$501,MATCH(26,Itens!$M$2:$M$501,0))="","",INDEX(Itens!$C$2:$C$501,MATCH(26,Itens!$M$2:$M$501,0))),"") | C38: =IFERROR(IF(INDEX(Itens!$E$2:$E$501,MATCH(26,Itens!$M$2:$M$501,0))="","",INDEX(Itens!$E$2:$E$501,MATCH(26,Itens!$M$2:$M$501,0))),"") | D38: =IFERROR(IF(INDEX(Itens!$F$2:$F$501,MATCH(26,Itens!$M$2:$M$501,0))="","",INDEX(Itens!$F$2:$F$501,MATCH(26,Itens!$M$2:$M$501,0))),"") | E38: =IFERROR(IF(INDEX(Itens!$G$2:$G$501,MATCH(26,Itens!$M$2:$M$501,0))="","",INDEX(Itens!$G$2:$G$501,MATCH(26,Itens!$M$2:$M$501,0))),"") | F38: =IFERROR(IF(INDEX(Itens!$I$2:$I$501,MATCH(26,Itens!$M$2:$M$501,0))="","",INDEX(Itens!$I$2:$I$501,MATCH(26,Itens!$M$2:$M$501,0))),"") | G38: =IFERROR(IF(INDEX(Itens!$J$2:$J$501,MATCH(26,Itens!$M$2:$M$501,0))="","",INDEX(Itens!$J$2:$J$501,MATCH(26,Itens!$M$2:$M$501,0))),"") | H38: =IFERROR(IF(INDEX(Itens!$K$2:$K$501,MATCH(26,Itens!$M$2:$M$501,0))="","",INDEX(Itens!$K$2:$K$501,MATCH(26,Itens!$M$2:$M$501,0))),"") | I38: =IFERROR(IF(INDEX(Itens!$L$2:$L$501,MATCH(26,Itens!$M$2:$M$501,0))="","",INDEX(Itens!$L$2:$L$501,MATCH(26,Itens!$M$2:$M$501,0))),"")
A39: =IFERROR(IF(INDEX(Itens!$A$2:$A$501,MATCH(27,Itens!$M$2:$M$501,0))="","",INDEX(Itens!$A$2:$A$501,MATCH(27,Itens!$M$2:$M$501,0))),"") | B39: =IFERROR(IF(INDEX(Itens!$C$2:$C$501,MATCH(27,Itens!$M$2:$M$501,0))="","",INDEX(Itens!$C$2:$C$501,MATCH(27,Itens!$M$2:$M$501,0))),"") | C39: =IFERROR(IF(INDEX(Itens!$E$2:$E$501,MATCH(27,Itens!$M$2:$M$501,0))="","",INDEX(Itens!$E$2:$E$501,MATCH(27,Itens!$M$2:$M$501,0))),"") | D39: =IFERROR(IF(INDEX(Itens!$F$2:$F$501,MATCH(27,Itens!$M$2:$M$501,0))="","",INDEX(Itens!$F$2:$F$501,MATCH(27,Itens!$M$2:$M$501,0))),"") | E39: =IFERROR(IF(INDEX(Itens!$G$2:$G$501,MATCH(27,Itens!$M$2:$M$501,0))="","",INDEX(Itens!$G$2:$G$501,MATCH(27,Itens!$M$2:$M$501,0))),"") | F39: =IFERROR(IF(INDEX(Itens!$I$2:$I$501,MATCH(27,Itens!$M$2:$M$501,0))="","",INDEX(Itens!$I$2:$I$501,MATCH(27,Itens!$M$2:$M$501,0))),"") | G39: =IFERROR(IF(INDEX(Itens!$J$2:$J$501,MATCH(27,Itens!$M$2:$M$501,0))="","",INDEX(Itens!$J$2:$J$501,MATCH(27,Itens!$M$2:$M$501,0))),"") | H39: =IFERROR(IF(INDEX(Itens!$K$2:$K$501,MATCH(27,Itens!$M$2:$M$501,0))="","",INDEX(Itens!$K$2:$K$501,MATCH(27,Itens!$M$2:$M$501,0))),"") | I39: =IFERROR(IF(INDEX(Itens!$L$2:$L$501,MATCH(27,Itens!$M$2:$M$501,0))="","",INDEX(Itens!$L$2:$L$501,MATCH(27,Itens!$M$2:$M$501,0))),"")
A40: =IFERROR(IF(INDEX(Itens!$A$2:$A$501,MATCH(28,Itens!$M$2:$M$501,0))="","",INDEX(Itens!$A$2:$A$501,MATCH(28,Itens!$M$2:$M$501,0))),"") | B40: =IFERROR(IF(INDEX(Itens!$C$2:$C$501,MATCH(28,Itens!$M$2:$M$501,0))="","",INDEX(Itens!$C$2:$C$501,MATCH(28,Itens!$M$2:$M$501,0))),"") | C40: =IFERROR(IF(INDEX(Itens!$E$2:$E$501,MATCH(28,Itens!$M$2:$M$501,0))="","",INDEX(Itens!$E$2:$E$501,MATCH(28,Itens!$M$2:$M$501,0))),"") | D40: =IFERROR(IF(INDEX(Itens!$F$2:$F$501,MATCH(28,Itens!$M$2:$M$501,0))="","",INDEX(Itens!$F$2:$F$501,MATCH(28,Itens!$M$2:$M$501,0))),"") | E40: =IFERROR(IF(INDEX(Itens!$G$2:$G$501,MATCH(28,Itens!$M$2:$M$501,0))="","",INDEX(Itens!$G$2:$G$501,MATCH(28,Itens!$M$2:$M$501,0))),"") | F40: =IFERROR(IF(INDEX(Itens!$I$2:$I$501,MATCH(28,Itens!$M$2:$M$501,0))="","",INDEX(Itens!$I$2:$I$501,MATCH(28,Itens!$M$2:$M$501,0))),"") | G40: =IFERROR(IF(INDEX(Itens!$J$2:$J$501,MATCH(28,Itens!$M$2:$M$501,0))="","",INDEX(Itens!$J$2:$J$501,MATCH(28,Itens!$M$2:$M$501,0))),"") | H40: =IFERROR(IF(INDEX(Itens!$K$2:$K$501,MATCH(28,Itens!$M$2:$M$501,0))="","",INDEX(Itens!$K$2:$K$501,MATCH(28,Itens!$M$2:$M$501,0))),"") | I40: =IFERROR(IF(INDEX(Itens!$L$2:$L$501,MATCH(28,Itens!$M$2:$M$501,0))="","",INDEX(Itens!$L$2:$L$501,MATCH(28,Itens!$M$2:$M$501,0))),"")
A41: =IFERROR(IF(INDEX(Itens!$A$2:$A$501,MATCH(29,Itens!$M$2:$M$501,0))="","",INDEX(Itens!$A$2:$A$501,MATCH(29,Itens!$M$2:$M$501,0))),"") | B41: =IFERROR(IF(INDEX(Itens!$C$2:$C$501,MATCH(29,Itens!$M$2:$M$501,0))="","",INDEX(Itens!$C$2:$C$501,MATCH(29,Itens!$M$2:$M$501,0))),"") | C41: =IFERROR(IF(INDEX(Itens!$E$2:$E$501,MATCH(29,Itens!$M$2:$M$501,0))="","",INDEX(Itens!$E$2:$E$501,MATCH(29,Itens!$M$2:$M$501,0))),"") | D41: =IFERROR(IF(INDEX(Itens!$F$2:$F$501,MATCH(29,Itens!$M$2:$M$501,0))="","",INDEX(Itens!$F$2:$F$501,MATCH(29,Itens!$M$2:$M$501,0))),"") | E41: =IFERROR(IF(INDEX(Itens!$G$2:$G$501,MATCH(29,Itens!$M$2:$M$501,0))="","",INDEX(Itens!$G$2:$G$501,MATCH(29,Itens!$M$2:$M$501,0))),"") | F41: =IFERROR(IF(INDEX(Itens!$I$2:$I$501,MATCH(29,Itens!$M$2:$M$501,0))="","",INDEX(Itens!$I$2:$I$501,MATCH(29,Itens!$M$2:$M$501,0))),"") | G41: =IFERROR(IF(INDEX(Itens!$J$2:$J$501,MATCH(29,Itens!$M$2:$M$501,0))="","",INDEX(Itens!$J$2:$J$501,MATCH(29,Itens!$M$2:$M$501,0))),"") | H41: =IFERROR(IF(INDEX(Itens!$K$2:$K$501,MATCH(29,Itens!$M$2:$M$501,0))="","",INDEX(Itens!$K$2:$K$501,MATCH(29,Itens!$M$2:$M$501,0))),"") | I41: =IFERROR(IF(INDEX(Itens!$L$2:$L$501,MATCH(29,Itens!$M$2:$M$501,0))="","",INDEX(Itens!$L$2:$L$501,MATCH(29,Itens!$M$2:$M$501,0))),"")
A42: =IFERROR(IF(INDEX(Itens!$A$2:$A$501,MATCH(30,Itens!$M$2:$M$501,0))="","",INDEX(Itens!$A$2:$A$501,MATCH(30,Itens!$M$2:$M$501,0))),"") | B42: =IFERROR(IF(INDEX(Itens!$C$2:$C$501,MATCH(30,Itens!$M$2:$M$501,0))="","",INDEX(Itens!$C$2:$C$501,MATCH(30,Itens!$M$2:$M$501,0))),"") | C42: =IFERROR(IF(INDEX(Itens!$E$2:$E$501,MATCH(30,Itens!$M$2:$M$501,0))="","",INDEX(Itens!$E$2:$E$501,MATCH(30,Itens!$M$2:$M$501,0))),"") | D42: =IFERROR(IF(INDEX(Itens!$F$2:$F$501,MATCH(30,Itens!$M$2:$M$501,0))="","",INDEX(Itens!$F$2:$F$501,MATCH(30,Itens!$M$2:$M$501,0))),"") | E42: =IFERROR(IF(INDEX(Itens!$G$2:$G$501,MATCH(30,Itens!$M$2:$M$501,0))="","",INDEX(Itens!$G$2:$G$501,MATCH(30,Itens!$M$2:$M$501,0))),"") | F42: =IFERROR(IF(INDEX(Itens!$I$2:$I$501,MATCH(30,Itens!$M$2:$M$501,0))="","",INDEX(Itens!$I$2:$I$501,MATCH(30,Itens!$M$2:$M$501,0))),"") | G42: =IFERROR(IF(INDEX(Itens!$J$2:$J$501,MATCH(30,Itens!$M$2:$M$501,0))="","",INDEX(Itens!$J$2:$J$501,MATCH(30,Itens!$M$2:$M$501,0))),"") | H42: =IFERROR(IF(INDEX(Itens!$K$2:$K$501,MATCH(30,Itens!$M$2:$M$501,0))="","",INDEX(Itens!$K$2:$K$501,MATCH(30,Itens!$M$2:$M$501,0))),"") | I42: =IFERROR(IF(INDEX(Itens!$L$2:$L$501,MATCH(30,Itens!$M$2:$M$501,0))="","",INDEX(Itens!$L$2:$L$501,MATCH(30,Itens!$M$2:$M$501,0))),"")
A43: =IFERROR(IF(INDEX(Itens!$A$2:$A$501,MATCH(31,Itens!$M$2:$M$501,0))="","",INDEX(Itens!$A$2:$A$501,MATCH(31,Itens!$M$2:$M$501,0))),"") | B43: =IFERROR(IF(INDEX(Itens!$C$2:$C$501,MATCH(31,Itens!$M$2:$M$501,0))="","",INDEX(Itens!$C$2:$C$501,MATCH(31,Itens!$M$2:$M$501,0))),"") | C43: =IFERROR(IF(INDEX(Itens!$E$2:$E$501,MATCH(31,Itens!$M$2:$M$501,0))="","",INDEX(Itens!$E$2:$E$501,MATCH(31,Itens!$M$2:$M$501,0))),"") | D43: =IFERROR(IF(INDEX(Itens!$F$2:$F$501,MATCH(31,Itens!$M$2:$M$501,0))="","",INDEX(Itens!$F$2:$F$501,MATCH(31,Itens!$M$2:$M$501,0))),"") | E43: =IFERROR(IF(INDEX(Itens!$G$2:$G$501,MATCH(31,Itens!$M$2:$M$501,0))="","",INDEX(Itens!$G$2:$G$501,MATCH(31,Itens!$M$2:$M$501,0))),"") | F43: =IFERROR(IF(INDEX(Itens!$I$2:$I$501,MATCH(31,Itens!$M$2:$M$501,0))="","",INDEX(Itens!$I$2:$I$501,MATCH(31,Itens!$M$2:$M$501,0))),"") | G43: =IFERROR(IF(INDEX(Itens!$J$2:$J$501,MATCH(31,Itens!$M$2:$M$501,0))="","",INDEX(Itens!$J$2:$J$501,MATCH(31,Itens!$M$2:$M$501,0))),"") | H43: =IFERROR(IF(INDEX(Itens!$K$2:$K$501,MATCH(31,Itens!$M$2:$M$501,0))="","",INDEX(Itens!$K$2:$K$501,MATCH(31,Itens!$M$2:$M$501,0))),"") | I43: =IFERROR(IF(INDEX(Itens!$L$2:$L$501,MATCH(31,Itens!$M$2:$M$501,0))="","",INDEX(Itens!$L$2:$L$501,MATCH(31,Itens!$M$2:$M$501,0))),"")
A44: =IFERROR(IF(INDEX(Itens!$A$2:$A$501,MATCH(32,Itens!$M$2:$M$501,0))="","",INDEX(Itens!$A$2:$A$501,MATCH(32,Itens!$M$2:$M$501,0))),"") | B44: =IFERROR(IF(INDEX(Itens!$C$2:$C$501,MATCH(32,Itens!$M$2:$M$501,0))="","",INDEX(Itens!$C$2:$C$501,MATCH(32,Itens!$M$2:$M$501,0))),"") | C44: =IFERROR(IF(INDEX(Itens!$E$2:$E$501,MATCH(32,Itens!$M$2:$M$501,0))="","",INDEX(Itens!$E$2:$E$501,MATCH(32,Itens!$M$2:$M$501,0))),"") | D44: =IFERROR(IF(INDEX(Itens!$F$2:$F$501,MATCH(32,Itens!$M$2:$M$501,0))="","",INDEX(Itens!$F$2:$F$501,MATCH(32,Itens!$M$2:$M$501,0))),"") | E44: =IFERROR(IF(INDEX(Itens!$G$2:$G$501,MATCH(32,Itens!$M$2:$M$501,0))="","",INDEX(Itens!$G$2:$G$501,MATCH(32,Itens!$M$2:$M$501,0))),"") | F44: =IFERROR(IF(INDEX(Itens!$I$2:$I$501,MATCH(32,Itens!$M$2:$M$501,0))="","",INDEX(Itens!$I$2:$I$501,MATCH(32,Itens!$M$2:$M$501,0))),"") | G44: =IFERROR(IF(INDEX(Itens!$J$2:$J$501,MATCH(32,Itens!$M$2:$M$501,0))="","",INDEX(Itens!$J$2:$J$501,MATCH(32,Itens!$M$2:$M$501,0))),"") | H44: =IFERROR(IF(INDEX(Itens!$K$2:$K$501,MATCH(32,Itens!$M$2:$M$501,0))="","",INDEX(Itens!$K$2:$K$501,MATCH(32,Itens!$M$2:$M$501,0))),"") | I44: =IFERROR(IF(INDEX(Itens!$L$2:$L$501,MATCH(32,Itens!$M$2:$M$501,0))="","",INDEX(Itens!$L$2:$L$501,MATCH(32,Itens!$M$2:$M$501,0))),"")
A45: =IFERROR(IF(INDEX(Itens!$A$2:$A$501,MATCH(33,Itens!$M$2:$M$501,0))="","",INDEX(Itens!$A$2:$A$501,MATCH(33,Itens!$M$2:$M$501,0))),"") | B45: =IFERROR(IF(INDEX(Itens!$C$2:$C$501,MATCH(33,Itens!$M$2:$M$501,0))="","",INDEX(Itens!$C$2:$C$501,MATCH(33,Itens!$M$2:$M$501,0))),"") | C45: =IFERROR(IF(INDEX(Itens!$E$2:$E$501,MATCH(33,Itens!$M$2:$M$501,0))="","",INDEX(Itens!$E$2:$E$501,MATCH(33,Itens!$M$2:$M$501,0))),"") | D45: =IFERROR(IF(INDEX(Itens!$F$2:$F$501,MATCH(33,Itens!$M$2:$M$501,0))="","",INDEX(Itens!$F$2:$F$501,MATCH(33,Itens!$M$2:$M$501,0))),"") | E45: =IFERROR(IF(INDEX(Itens!$G$2:$G$501,MATCH(33,Itens!$M$2:$M$501,0))="","",INDEX(Itens!$G$2:$G$501,MATCH(33,Itens!$M$2:$M$501,0))),"") | F45: =IFERROR(IF(INDEX(Itens!$I$2:$I$501,MATCH(33,Itens!$M$2:$M$501,0))="","",INDEX(Itens!$I$2:$I$501,MATCH(33,Itens!$M$2:$M$501,0))),"") | G45: =IFERROR(IF(INDEX(Itens!$J$2:$J$501,MATCH(33,Itens!$M$2:$M$501,0))="","",INDEX(Itens!$J$2:$J$501,MATCH(33,Itens!$M$2:$M$501,0))),"") | H45: =IFERROR(IF(INDEX(Itens!$K$2:$K$501,MATCH(33,Itens!$M$2:$M$501,0))="","",INDEX(Itens!$K$2:$K$501,MATCH(33,Itens!$M$2:$M$501,0))),"") | I45: =IFERROR(IF(INDEX(Itens!$L$2:$L$501,MATCH(33,Itens!$M$2:$M$501,0))="","",INDEX(Itens!$L$2:$L$501,MATCH(33,Itens!$M$2:$M$501,0))),"")
A46: =IFERROR(IF(INDEX(Itens!$A$2:$A$501,MATCH(34,Itens!$M$2:$M$501,0))="","",INDEX(Itens!$A$2:$A$501,MATCH(34,Itens!$M$2:$M$501,0))),"") | B46: =IFERROR(IF(INDEX(Itens!$C$2:$C$501,MATCH(34,Itens!$M$2:$M$501,0))="","",INDEX(Itens!$C$2:$C$501,MATCH(34,Itens!$M$2:$M$501,0))),"") | C46: =IFERROR(IF(INDEX(Itens!$E$2:$E$501,MATCH(34,Itens!$M$2:$M$501,0))="","",INDEX(Itens!$E$2:$E$501,MATCH(34,Itens!$M$2:$M$501,0))),"") | D46: =IFERROR(IF(INDEX(Itens!$F$2:$F$501,MATCH(34,Itens!$M$2:$M$501,0))="","",INDEX(Itens!$F$2:$F$501,MATCH(34,Itens!$M$2:$M$501,0))),"") | E46: =IFERROR(IF(INDEX(Itens!$G$2:$G$501,MATCH(34,Itens!$M$2:$M$501,0))="","",INDEX(Itens!$G$2:$G$501,MATCH(34,Itens!$M$2:$M$501,0))),"") | F46: =IFERROR(IF(INDEX(Itens!$I$2:$I$501,MATCH(34,Itens!$M$2:$M$501,0))="","",INDEX(Itens!$I$2:$I$501,MATCH(34,Itens!$M$2:$M$501,0))),"") | G46: =IFERROR(IF(INDEX(Itens!$J$2:$J$501,MATCH(34,Itens!$M$2:$M$501,0))="","",INDEX(Itens!$J$2:$J$501,MATCH(34,Itens!$M$2:$M$501,0))),"") | H46: =IFERROR(IF(INDEX(Itens!$K$2:$K$501,MATCH(34,Itens!$M$2:$M$501,0))="","",INDEX(Itens!$K$2:$K$501,MATCH(34,Itens!$M$2:$M$501,0))),"") | I46: =IFERROR(IF(INDEX(Itens!$L$2:$L$501,MATCH(34,Itens!$M$2:$M$501,0))="","",INDEX(Itens!$L$2:$L$501,MATCH(34,Itens!$M$2:$M$501,0))),"")
A47: =IFERROR(IF(INDEX(Itens!$A$2:$A$501,MATCH(35,Itens!$M$2:$M$501,0))="","",INDEX(Itens!$A$2:$A$501,MATCH(35,Itens!$M$2:$M$501,0))),"") | B47: =IFERROR(IF(INDEX(Itens!$C$2:$C$501,MATCH(35,Itens!$M$2:$M$501,0))="","",INDEX(Itens!$C$2:$C$501,MATCH(35,Itens!$M$2:$M$501,0))),"") | C47: =IFERROR(IF(INDEX(Itens!$E$2:$E$501,MATCH(35,Itens!$M$2:$M$501,0))="","",INDEX(Itens!$E$2:$E$501,MATCH(35,Itens!$M$2:$M$501,0))),"") | D47: =IFERROR(IF(INDEX(Itens!$F$2:$F$501,MATCH(35,Itens!$M$2:$M$501,0))="","",INDEX(Itens!$F$2:$F$501,MATCH(35,Itens!$M$2:$M$501,0))),"") | E47: =IFERROR(IF(INDEX(Itens!$G$2:$G$501,MATCH(35,Itens!$M$2:$M$501,0))="","",INDEX(Itens!$G$2:$G$501,MATCH(35,Itens!$M$2:$M$501,0))),"") | F47: =IFERROR(IF(INDEX(Itens!$I$2:$I$501,MATCH(35,Itens!$M$2:$M$501,0))="","",INDEX(Itens!$I$2:$I$501,MATCH(35,Itens!$M$2:$M$501,0))),"") | G47: =IFERROR(IF(INDEX(Itens!$J$2:$J$501,MATCH(35,Itens!$M$2:$M$501,0))="","",INDEX(Itens!$J$2:$J$501,MATCH(35,Itens!$M$2:$M$501,0))),"") | H47: =IFERROR(IF(INDEX(Itens!$K$2:$K$501,MATCH(35,Itens!$M$2:$M$501,0))="","",INDEX(Itens!$K$2:$K$501,MATCH(35,Itens!$M$2:$M$501,0))),"") | I47: =IFERROR(IF(INDEX(Itens!$L$2:$L$501,MATCH(35,Itens!$M$2:$M$501,0))="","",INDEX(Itens!$L$2:$L$501,MATCH(35,Itens!$M$2:$M$501,0))),"")
A48: =IFERROR(IF(INDEX(Itens!$A$2:$A$501,MATCH(36,Itens!$M$2:$M$501,0))="","",INDEX(Itens!$A$2:$A$501,MATCH(36,Itens!$M$2:$M$501,0))),"") | B48: =IFERROR(IF(INDEX(Itens!$C$2:$C$501,MATCH(36,Itens!$M$2:$M$501,0))="","",INDEX(Itens!$C$2:$C$501,MATCH(36,Itens!$M$2:$M$501,0))),"") | C48: =IFERROR(IF(INDEX(Itens!$E$2:$E$501,MATCH(36,Itens!$M$2:$M$501,0))="","",INDEX(Itens!$E$2:$E$501,MATCH(36,Itens!$M$2:$M$501,0))),"") | D48: =IFERROR(IF(INDEX(Itens!$F$2:$F$501,MATCH(36,Itens!$M$2:$M$501,0))="","",INDEX(Itens!$F$2:$F$501,MATCH(36,Itens!$M$2:$M$501,0))),"") | E48: =IFERROR(IF(INDEX(Itens!$G$2:$G$501,MATCH(36,Itens!$M$2:$M$501,0))="","",INDEX(Itens!$G$2:$G$501,MATCH(36,Itens!$M$2:$M$501,0))),"") | F48: =IFERROR(IF(INDEX(Itens!$I$2:$I$501,MATCH(36,Itens!$M$2:$M$501,0))="","",INDEX(Itens!$I$2:$I$501,MATCH(36,Itens!$M$2:$M$501,0))),"") | G48: =IFERROR(IF(INDEX(Itens!$J$2:$J$501,MATCH(36,Itens!$M$2:$M$501,0))="","",INDEX(Itens!$J$2:$J$501,MATCH(36,Itens!$M$2:$M$501,0))),"") | H48: =IFERROR(IF(INDEX(Itens!$K$2:$K$501,MATCH(36,Itens!$M$2:$M$501,0))="","",INDEX(Itens!$K$2:$K$501,MATCH(36,Itens!$M$2:$M$501,0))),"") | I48: =IFERROR(IF(INDEX(Itens!$L$2:$L$501,MATCH(36,Itens!$M$2:$M$501,0))="","",INDEX(Itens!$L$2:$L$501,MATCH(36,Itens!$M$2:$M$501,0))),"")
A49: =IFERROR(IF(INDEX(Itens!$A$2:$A$501,MATCH(37,Itens!$M$2:$M$501,0))="","",INDEX(Itens!$A$2:$A$501,MATCH(37,Itens!$M$2:$M$501,0))),"") | B49: =IFERROR(IF(INDEX(Itens!$C$2:$C$501,MATCH(37,Itens!$M$2:$M$501,0))="","",INDEX(Itens!$C$2:$C$501,MATCH(37,Itens!$M$2:$M$501,0))),"") | C49: =IFERROR(IF(INDEX(Itens!$E$2:$E$501,MATCH(37,Itens!$M$2:$M$501,0))="","",INDEX(Itens!$E$2:$E$501,MATCH(37,Itens!$M$2:$M$501,0))),"") | D49: =IFERROR(IF(INDEX(Itens!$F$2:$F$501,MATCH(37,Itens!$M$2:$M$501,0))="","",INDEX(Itens!$F$2:$F$501,MATCH(37,Itens!$M$2:$M$501,0))),"") | E49: =IFERROR(IF(INDEX(Itens!$G$2:$G$501,MATCH(37,Itens!$M$2:$M$501,0))="","",INDEX(Itens!$G$2:$G$501,MATCH(37,Itens!$M$2:$M$501,0))),"") | F49: =IFERROR(IF(INDEX(Itens!$I$2:$I$501,MATCH(37,Itens!$M$2:$M$501,0))="","",INDEX(Itens!$I$2:$I$501,MATCH(37,Itens!$M$2:$M$501,0))),"") | G49: =IFERROR(IF(INDEX(Itens!$J$2:$J$501,MATCH(37,Itens!$M$2:$M$501,0))="","",INDEX(Itens!$J$2:$J$501,MATCH(37,Itens!$M$2:$M$501,0))),"") | H49: =IFERROR(IF(INDEX(Itens!$K$2:$K$501,MATCH(37,Itens!$M$2:$M$501,0))="","",INDEX(Itens!$K$2:$K$501,MATCH(37,Itens!$M$2:$M$501,0))),"") | I49: =IFERROR(IF(INDEX(Itens!$L$2:$L$501,MATCH(37,Itens!$M$2:$M$501,0))="","",INDEX(Itens!$L$2:$L$501,MATCH(37,Itens!$M$2:$M$501,0))),"")
A50: =IFERROR(IF(INDEX(Itens!$A$2:$A$501,MATCH(38,Itens!$M$2:$M$501,0))="","",INDEX(Itens!$A$2:$A$501,MATCH(38,Itens!$M$2:$M$501,0))),"") | B50: =IFERROR(IF(INDEX(Itens!$C$2:$C$501,MATCH(38,Itens!$M$2:$M$501,0))="","",INDEX(Itens!$C$2:$C$501,MATCH(38,Itens!$M$2:$M$501,0))),"") | C50: =IFERROR(IF(INDEX(Itens!$E$2:$E$501,MATCH(38,Itens!$M$2:$M$501,0))="","",INDEX(Itens!$E$2:$E$501,MATCH(38,Itens!$M$2:$M$501,0))),"") | D50: =IFERROR(IF(INDEX(Itens!$F$2:$F$501,MATCH(38,Itens!$M$2:$M$501,0))="","",INDEX(Itens!$F$2:$F$501,MATCH(38,Itens!$M$2:$M$501,0))),"") | E50: =IFERROR(IF(INDEX(Itens!$G$2:$G$501,MATCH(38,Itens!$M$2:$M$501,0))="","",INDEX(Itens!$G$2:$G$501,MATCH(38,Itens!$M$2:$M$501,0))),"") | F50: =IFERROR(IF(INDEX(Itens!$I$2:$I$501,MATCH(38,Itens!$M$2:$M$501,0))="","",INDEX(Itens!$I$2:$I$501,MATCH(38,Itens!$M$2:$M$501,0))),"") | G50: =IFERROR(IF(INDEX(Itens!$J$2:$J$501,MATCH(38,Itens!$M$2:$M$501,0))="","",INDEX(Itens!$J$2:$J$501,MATCH(38,Itens!$M$2:$M$501,0))),"") | H50: =IFERROR(IF(INDEX(Itens!$K$2:$K$501,MATCH(38,Itens!$M$2:$M$501,0))="","",INDEX(Itens!$K$2:$K$501,MATCH(38,Itens!$M$2:$M$501,0))),"") | I50: =IFERROR(IF(INDEX(Itens!$L$2:$L$501,MATCH(38,Itens!$M$2:$M$501,0))="","",INDEX(Itens!$L$2:$L$501,MATCH(38,Itens!$M$2:$M$501,0))),"")
A51: =IFERROR(IF(INDEX(Itens!$A$2:$A$501,MATCH(39,Itens!$M$2:$M$501,0))="","",INDEX(Itens!$A$2:$A$501,MATCH(39,Itens!$M$2:$M$501,0))),"") | B51: =IFERROR(IF(INDEX(Itens!$C$2:$C$501,MATCH(39,Itens!$M$2:$M$501,0))="","",INDEX(Itens!$C$2:$C$501,MATCH(39,Itens!$M$2:$M$501,0))),"") | C51: =IFERROR(IF(INDEX(Itens!$E$2:$E$501,MATCH(39,Itens!$M$2:$M$501,0))="","",INDEX(Itens!$E$2:$E$501,MATCH(39,Itens!$M$2:$M$501,0))),"") | D51: =IFERROR(IF(INDEX(Itens!$F$2:$F$501,MATCH(39,Itens!$M$2:$M$501,0))="","",INDEX(Itens!$F$2:$F$501,MATCH(39,Itens!$M$2:$M$501,0))),"") | E51: =IFERROR(IF(INDEX(Itens!$G$2:$G$501,MATCH(39,Itens!$M$2:$M$501,0))="","",INDEX(Itens!$G$2:$G$501,MATCH(39,Itens!$M$2:$M$501,0))),"") | F51: =IFERROR(IF(INDEX(Itens!$I$2:$I$501,MATCH(39,Itens!$M$2:$M$501,0))="","",INDEX(Itens!$I$2:$I$501,MATCH(39,Itens!$M$2:$M$501,0))),"") | G51: =IFERROR(IF(INDEX(Itens!$J$2:$J$501,MATCH(39,Itens!$M$2:$M$501,0))="","",INDEX(Itens!$J$2:$J$501,MATCH(39,Itens!$M$2:$M$501,0))),"") | H51: =IFERROR(IF(INDEX(Itens!$K$2:$K$501,MATCH(39,Itens!$M$2:$M$501,0))="","",INDEX(Itens!$K$2:$K$501,MATCH(39,Itens!$M$2:$M$501,0))),"") | I51: =IFERROR(IF(INDEX(Itens!$L$2:$L$501,MATCH(39,Itens!$M$2:$M$501,0))="","",INDEX(Itens!$L$2:$L$501,MATCH(39,Itens!$M$2:$M$501,0))),"")
A52: =IFERROR(IF(INDEX(Itens!$A$2:$A$501,MATCH(40,Itens!$M$2:$M$501,0))="","",INDEX(Itens!$A$2:$A$501,MATCH(40,Itens!$M$2:$M$501,0))),"") | B52: =IFERROR(IF(INDEX(Itens!$C$2:$C$501,MATCH(40,Itens!$M$2:$M$501,0))="","",INDEX(Itens!$C$2:$C$501,MATCH(40,Itens!$M$2:$M$501,0))),"") | C52: =IFERROR(IF(INDEX(Itens!$E$2:$E$501,MATCH(40,Itens!$M$2:$M$501,0))="","",INDEX(Itens!$E$2:$E$501,MATCH(40,Itens!$M$2:$M$501,0))),"") | D52: =IFERROR(IF(INDEX(Itens!$F$2:$F$501,MATCH(40,Itens!$M$2:$M$501,0))="","",INDEX(Itens!$F$2:$F$501,MATCH(40,Itens!$M$2:$M$501,0))),"") | E52: =IFERROR(IF(INDEX(Itens!$G$2:$G$501,MATCH(40,Itens!$M$2:$M$501,0))="","",INDEX(Itens!$G$2:$G$501,MATCH(40,Itens!$M$2:$M$501,0))),"") | F52: =IFERROR(IF(INDEX(Itens!$I$2:$I$501,MATCH(40,Itens!$M$2:$M$501,0))="","",INDEX(Itens!$I$2:$I$501,MATCH(40,Itens!$M$2:$M$501,0))),"") | G52: =IFERROR(IF(INDEX(Itens!$J$2:$J$501,MATCH(40,Itens!$M$2:$M$501,0))="","",INDEX(Itens!$J$2:$J$501,MATCH(40,Itens!$M$2:$M$501,0))),"") | H52: =IFERROR(IF(INDEX(Itens!$K$2:$K$501,MATCH(40,Itens!$M$2:$M$501,0))="","",INDEX(Itens!$K$2:$K$501,MATCH(40,Itens!$M$2:$M$501,0))),"") | I52: =IFERROR(IF(INDEX(Itens!$L$2:$L$501,MATCH(40,Itens!$M$2:$M$501,0))="","",INDEX(Itens!$L$2:$L$501,MATCH(40,Itens!$M$2:$M$501,0))),"")
A53: =IFERROR(IF(INDEX(Itens!$A$2:$A$501,MATCH(41,Itens!$M$2:$M$501,0))="","",INDEX(Itens!$A$2:$A$501,MATCH(41,Itens!$M$2:$M$501,0))),"") | B53: =IFERROR(IF(INDEX(Itens!$C$2:$C$501,MATCH(41,Itens!$M$2:$M$501,0))="","",INDEX(Itens!$C$2:$C$501,MATCH(41,Itens!$M$2:$M$501,0))),"") | C53: =IFERROR(IF(INDEX(Itens!$E$2:$E$501,MATCH(41,Itens!$M$2:$M$501,0))="","",INDEX(Itens!$E$2:$E$501,MATCH(41,Itens!$M$2:$M$501,0))),"") | D53: =IFERROR(IF(INDEX(Itens!$F$2:$F$501,MATCH(41,Itens!$M$2:$M$501,0))="","",INDEX(Itens!$F$2:$F$501,MATCH(41,Itens!$M$2:$M$501,0))),"") | E53: =IFERROR(IF(INDEX(Itens!$G$2:$G$501,MATCH(41,Itens!$M$2:$M$501,0))="","",INDEX(Itens!$G$2:$G$501,MATCH(41,Itens!$M$2:$M$501,0))),"") | F53: =IFERROR(IF(INDEX(Itens!$I$2:$I$501,MATCH(41,Itens!$M$2:$M$501,0))="","",INDEX(Itens!$I$2:$I$501,MATCH(41,Itens!$M$2:$M$501,0))),"") | G53: =IFERROR(IF(INDEX(Itens!$J$2:$J$501,MATCH(41,Itens!$M$2:$M$501,0))="","",INDEX(Itens!$J$2:$J$501,MATCH(41,Itens!$M$2:$M$501,0))),"") | H53: =IFERROR(IF(INDEX(Itens!$K$2:$K$501,MATCH(41,Itens!$M$2:$M$501,0))="","",INDEX(Itens!$K$2:$K$501,MATCH(41,Itens!$M$2:$M$501,0))),"") | I53: =IFERROR(IF(INDEX(Itens!$L$2:$L$501,MATCH(41,Itens!$M$2:$M$501,0))="","",INDEX(Itens!$L$2:$L$501,MATCH(41,Itens!$M$2:$M$501,0))),"")
A54: =IFERROR(IF(INDEX(Itens!$A$2:$A$501,MATCH(42,Itens!$M$2:$M$501,0))="","",INDEX(Itens!$A$2:$A$501,MATCH(42,Itens!$M$2:$M$501,0))),"") | B54: =IFERROR(IF(INDEX(Itens!$C$2:$C$501,MATCH(42,Itens!$M$2:$M$501,0))="","",INDEX(Itens!$C$2:$C$501,MATCH(42,Itens!$M$2:$M$501,0))),"") | C54: =IFERROR(IF(INDEX(Itens!$E$2:$E$501,MATCH(42,Itens!$M$2:$M$501,0))="","",INDEX(Itens!$E$2:$E$501,MATCH(42,Itens!$M$2:$M$501,0))),"") | D54: =IFERROR(IF(INDEX(Itens!$F$2:$F$501,MATCH(42,Itens!$M$2:$M$501,0))="","",INDEX(Itens!$F$2:$F$501,MATCH(42,Itens!$M$2:$M$501,0))),"") | E54: =IFERROR(IF(INDEX(Itens!$G$2:$G$501,MATCH(42,Itens!$M$2:$M$501,0))="","",INDEX(Itens!$G$2:$G$501,MATCH(42,Itens!$M$2:$M$501,0))),"") | F54: =IFERROR(IF(INDEX(Itens!$I$2:$I$501,MATCH(42,Itens!$M$2:$M$501,0))="","",INDEX(Itens!$I$2:$I$501,MATCH(42,Itens!$M$2:$M$501,0))),"") | G54: =IFERROR(IF(INDEX(Itens!$J$2:$J$501,MATCH(42,Itens!$M$2:$M$501,0))="","",INDEX(Itens!$J$2:$J$501,MATCH(42,Itens!$M$2:$M$501,0))),"") | H54: =IFERROR(IF(INDEX(Itens!$K$2:$K$501,MATCH(42,Itens!$M$2:$M$501,0))="","",INDEX(Itens!$K$2:$K$501,MATCH(42,Itens!$M$2:$M$501,0))),"") | I54: =IFERROR(IF(INDEX(Itens!$L$2:$L$501,MATCH(42,Itens!$M$2:$M$501,0))="","",INDEX(Itens!$L$2:$L$501,MATCH(42,Itens!$M$2:$M$501,0))),"")
A55: =IFERROR(IF(INDEX(Itens!$A$2:$A$501,MATCH(43,Itens!$M$2:$M$501,0))="","",INDEX(Itens!$A$2:$A$501,MATCH(43,Itens!$M$2:$M$501,0))),"") | B55: =IFERROR(IF(INDEX(Itens!$C$2:$C$501,MATCH(43,Itens!$M$2:$M$501,0))="","",INDEX(Itens!$C$2:$C$501,MATCH(43,Itens!$M$2:$M$501,0))),"") | C55: =IFERROR(IF(INDEX(Itens!$E$2:$E$501,MATCH(43,Itens!$M$2:$M$501,0))="","",INDEX(Itens!$E$2:$E$501,MATCH(43,Itens!$M$2:$M$501,0))),"") | D55: =IFERROR(IF(INDEX(Itens!$F$2:$F$501,MATCH(43,Itens!$M$2:$M$501,0))="","",INDEX(Itens!$F$2:$F$501,MATCH(43,Itens!$M$2:$M$501,0))),"") | E55: =IFERROR(IF(INDEX(Itens!$G$2:$G$501,MATCH(43,Itens!$M$2:$M$501,0))="","",INDEX(Itens!$G$2:$G$501,MATCH(43,Itens!$M$2:$M$501,0))),"") | F55: =IFERROR(IF(INDEX(Itens!$I$2:$I$501,MATCH(43,Itens!$M$2:$M$501,0))="","",INDEX(Itens!$I$2:$I$501,MATCH(43,Itens!$M$2:$M$501,0))),"") | G55: =IFERROR(IF(INDEX(Itens!$J$2:$J$501,MATCH(43,Itens!$M$2:$M$501,0))="","",INDEX(Itens!$J$2:$J$501,MATCH(43,Itens!$M$2:$M$501,0))),"") | H55: =IFERROR(IF(INDEX(Itens!$K$2:$K$501,MATCH(43,Itens!$M$2:$M$501,0))="","",INDEX(Itens!$K$2:$K$501,MATCH(43,Itens!$M$2:$M$501,0))),"") | I55: =IFERROR(IF(INDEX(Itens!$L$2:$L$501,MATCH(43,Itens!$M$2:$M$501,0))="","",INDEX(Itens!$L$2:$L$501,MATCH(43,Itens!$M$2:$M$501,0))),"")
A56: =IFERROR(IF(INDEX(Itens!$A$2:$A$501,MATCH(44,Itens!$M$2:$M$501,0))="","",INDEX(Itens!$A$2:$A$501,MATCH(44,Itens!$M$2:$M$501,0))),"") | B56: =IFERROR(IF(INDEX(Itens!$C$2:$C$501,MATCH(44,Itens!$M$2:$M$501,0))="","",INDEX(Itens!$C$2:$C$501,MATCH(44,Itens!$M$2:$M$501,0))),"") | C56: =IFERROR(IF(INDEX(Itens!$E$2:$E$501,MATCH(44,Itens!$M$2:$M$501,0))="","",INDEX(Itens!$E$2:$E$501,MATCH(44,Itens!$M$2:$M$501,0))),"") | D56: =IFERROR(IF(INDEX(Itens!$F$2:$F$501,MATCH(44,Itens!$M$2:$M$501,0))="","",INDEX(Itens!$F$2:$F$501,MATCH(44,Itens!$M$2:$M$501,0))),"") | E56: =IFERROR(IF(INDEX(Itens!$G$2:$G$501,MATCH(44,Itens!$M$2:$M$501,0))="","",INDEX(Itens!$G$2:$G$501,MATCH(44,Itens!$M$2:$M$501,0))),"") | F56: =IFERROR(IF(INDEX(Itens!$I$2:$I$501,MATCH(44,Itens!$M$2:$M$501,0))="","",INDEX(Itens!$I$2:$I$501,MATCH(44,Itens!$M$2:$M$501,0))),"") | G56: =IFERROR(IF(INDEX(Itens!$J$2:$J$501,MATCH(44,Itens!$M$2:$M$501,0))="","",INDEX(Itens!$J$2:$J$501,MATCH(44,Itens!$M$2:$M$501,0))),"") | H56: =IFERROR(IF(INDEX(Itens!$K$2:$K$501,MATCH(44,Itens!$M$2:$M$501,0))="","",INDEX(Itens!$K$2:$K$501,MATCH(44,Itens!$M$2:$M$501,0))),"") | I56: =IFERROR(IF(INDEX(Itens!$L$2:$L$501,MATCH(44,Itens!$M$2:$M$501,0))="","",INDEX(Itens!$L$2:$L$501,MATCH(44,Itens!$M$2:$M$501,0))),"")
A57: =IFERROR(IF(INDEX(Itens!$A$2:$A$501,MATCH(45,Itens!$M$2:$M$501,0))="","",INDEX(Itens!$A$2:$A$501,MATCH(45,Itens!$M$2:$M$501,0))),"") | B57: =IFERROR(IF(INDEX(Itens!$C$2:$C$501,MATCH(45,Itens!$M$2:$M$501,0))="","",INDEX(Itens!$C$2:$C$501,MATCH(45,Itens!$M$2:$M$501,0))),"") | C57: =IFERROR(IF(INDEX(Itens!$E$2:$E$501,MATCH(45,Itens!$M$2:$M$501,0))="","",INDEX(Itens!$E$2:$E$501,MATCH(45,Itens!$M$2:$M$501,0))),"") | D57: =IFERROR(IF(INDEX(Itens!$F$2:$F$501,MATCH(45,Itens!$M$2:$M$501,0))="","",INDEX(Itens!$F$2:$F$501,MATCH(45,Itens!$M$2:$M$501,0))),"") | E57: =IFERROR(IF(INDEX(Itens!$G$2:$G$501,MATCH(45,Itens!$M$2:$M$501,0))="","",INDEX(Itens!$G$2:$G$501,MATCH(45,Itens!$M$2:$M$501,0))),"") | F57: =IFERROR(IF(INDEX(Itens!$I$2:$I$501,MATCH(45,Itens!$M$2:$M$501,0))="","",INDEX(Itens!$I$2:$I$501,MATCH(45,Itens!$M$2:$M$501,0))),"") | G57: =IFERROR(IF(INDEX(Itens!$J$2:$J$501,MATCH(45,Itens!$M$2:$M$501,0))="","",INDEX(Itens!$J$2:$J$501,MATCH(45,Itens!$M$2:$M$501,0))),"") | H57: =IFERROR(IF(INDEX(Itens!$K$2:$K$501,MATCH(45,Itens!$M$2:$M$501,0))="","",INDEX(Itens!$K$2:$K$501,MATCH(45,Itens!$M$2:$M$501,0))),"") | I57: =IFERROR(IF(INDEX(Itens!$L$2:$L$501,MATCH(45,Itens!$M$2:$M$501,0))="","",INDEX(Itens!$L$2:$L$501,MATCH(45,Itens!$M$2:$M$501,0))),"")
A58: =IFERROR(IF(INDEX(Itens!$A$2:$A$501,MATCH(46,Itens!$M$2:$M$501,0))="","",INDEX(Itens!$A$2:$A$501,MATCH(46,Itens!$M$2:$M$501,0))),"") | B58: =IFERROR(IF(INDEX(Itens!$C$2:$C$501,MATCH(46,Itens!$M$2:$M$501,0))="","",INDEX(Itens!$C$2:$C$501,MATCH(46,Itens!$M$2:$M$501,0))),"") | C58: =IFERROR(IF(INDEX(Itens!$E$2:$E$501,MATCH(46,Itens!$M$2:$M$501,0))="","",INDEX(Itens!$E$2:$E$501,MATCH(46,Itens!$M$2:$M$501,0))),"") | D58: =IFERROR(IF(INDEX(Itens!$F$2:$F$501,MATCH(46,Itens!$M$2:$M$501,0))="","",INDEX(Itens!$F$2:$F$501,MATCH(46,Itens!$M$2:$M$501,0))),"") | E58: =IFERROR(IF(INDEX(Itens!$G$2:$G$501,MATCH(46,Itens!$M$2:$M$501,0))="","",INDEX(Itens!$G$2:$G$501,MATCH(46,Itens!$M$2:$M$501,0))),"") | F58: =IFERROR(IF(INDEX(Itens!$I$2:$I$501,MATCH(46,Itens!$M$2:$M$501,0))="","",INDEX(Itens!$I$2:$I$501,MATCH(46,Itens!$M$2:$M$501,0))),"") | G58: =IFERROR(IF(INDEX(Itens!$J$2:$J$501,MATCH(46,Itens!$M$2:$M$501,0))="","",INDEX(Itens!$J$2:$J$501,MATCH(46,Itens!$M$2:$M$501,0))),"") | H58: =IFERROR(IF(INDEX(Itens!$K$2:$K$501,MATCH(46,Itens!$M$2:$M$501,0))="","",INDEX(Itens!$K$2:$K$501,MATCH(46,Itens!$M$2:$M$501,0))),"") | I58: =IFERROR(IF(INDEX(Itens!$L$2:$L$501,MATCH(46,Itens!$M$2:$M$501,0))="","",INDEX(Itens!$L$2:$L$501,MATCH(46,Itens!$M$2:$M$501,0))),"")
A59: =IFERROR(IF(INDEX(Itens!$A$2:$A$501,MATCH(47,Itens!$M$2:$M$501,0))="","",INDEX(Itens!$A$2:$A$501,MATCH(47,Itens!$M$2:$M$501,0))),"") | B59: =IFERROR(IF(INDEX(Itens!$C$2:$C$501,MATCH(47,Itens!$M$2:$M$501,0))="","",INDEX(Itens!$C$2:$C$501,MATCH(47,Itens!$M$2:$M$501,0))),"") | C59: =IFERROR(IF(INDEX(Itens!$E$2:$E$501,MATCH(47,Itens!$M$2:$M$501,0))="","",INDEX(Itens!$E$2:$E$501,MATCH(47,Itens!$M$2:$M$501,0))),"") | D59: =IFERROR(IF(INDEX(Itens!$F$2:$F$501,MATCH(47,Itens!$M$2:$M$501,0))="","",INDEX(Itens!$F$2:$F$501,MATCH(47,Itens!$M$2:$M$501,0))),"") | E59: =IFERROR(IF(INDEX(Itens!$G$2:$G$501,MATCH(47,Itens!$M$2:$M$501,0))="","",INDEX(Itens!$G$2:$G$501,MATCH(47,Itens!$M$2:$M$501,0))),"") | F59: =IFERROR(IF(INDEX(Itens!$I$2:$I$501,MATCH(47,Itens!$M$2:$M$501,0))="","",INDEX(Itens!$I$2:$I$501,MATCH(47,Itens!$M$2:$M$501,0))),"") | G59: =IFERROR(IF(INDEX(Itens!$J$2:$J$501,MATCH(47,Itens!$M$2:$M$501,0))="","",INDEX(Itens!$J$2:$J$501,MATCH(47,Itens!$M$2:$M$501,0))),"") | H59: =IFERROR(IF(INDEX(Itens!$K$2:$K$501,MATCH(47,Itens!$M$2:$M$501,0))="","",INDEX(Itens!$K$2:$K$501,MATCH(47,Itens!$M$2:$M$501,0))),"") | I59: =IFERROR(IF(INDEX(Itens!$L$2:$L$501,MATCH(47,Itens!$M$2:$M$501,0))="","",INDEX(Itens!$L$2:$L$501,MATCH(47,Itens!$M$2:$M$501,0))),"")
A60: =IFERROR(IF(INDEX(Itens!$A$2:$A$501,MATCH(48,Itens!$M$2:$M$501,0))="","",INDEX(Itens!$A$2:$A$501,MATCH(48,Itens!$M$2:$M$501,0))),"") | B60: =IFERROR(IF(INDEX(Itens!$C$2:$C$501,MATCH(48,Itens!$M$2:$M$501,0))="","",INDEX(Itens!$C$2:$C$501,MATCH(48,Itens!$M$2:$M$501,0))),"") | C60: =IFERROR(IF(INDEX(Itens!$E$2:$E$501,MATCH(48,Itens!$M$2:$M$501,0))="","",INDEX(Itens!$E$2:$E$501,MATCH(48,Itens!$M$2:$M$501,0))),"") | D60: =IFERROR(IF(INDEX(Itens!$F$2:$F$501,MATCH(48,Itens!$M$2:$M$501,0))="","",INDEX(Itens!$F$2:$F$501,MATCH(48,Itens!$M$2:$M$501,0))),"") | E60: =IFERROR(IF(INDEX(Itens!$G$2:$G$501,MATCH(48,Itens!$M$2:$M$501,0))="","",INDEX(Itens!$G$2:$G$501,MATCH(48,Itens!$M$2:$M$501,0))),"") | F60: =IFERROR(IF(INDEX(Itens!$I$2:$I$501,MATCH(48,Itens!$M$2:$M$501,0))="","",INDEX(Itens!$I$2:$I$501,MATCH(48,Itens!$M$2:$M$501,0))),"") | G60: =IFERROR(IF(INDEX(Itens!$J$2:$J$501,MATCH(48,Itens!$M$2:$M$501,0))="","",INDEX(Itens!$J$2:$J$501,MATCH(48,Itens!$M$2:$M$501,0))),"") | H60: =IFERROR(IF(INDEX(Itens!$K$2:$K$501,MATCH(48,Itens!$M$2:$M$501,0))="","",INDEX(Itens!$K$2:$K$501,MATCH(48,Itens!$M$2:$M$501,0))),"") | I60: =IFERROR(IF(INDEX(Itens!$L$2:$L$501,MATCH(48,Itens!$M$2:$M$501,0))="","",INDEX(Itens!$L$2:$L$501,MATCH(48,Itens!$M$2:$M$501,0))),"")
A61: =IFERROR(IF(INDEX(Itens!$A$2:$A$501,MATCH(49,Itens!$M$2:$M$501,0))="","",INDEX(Itens!$A$2:$A$501,MATCH(49,Itens!$M$2:$M$501,0))),"") | B61: =IFERROR(IF(INDEX(Itens!$C$2:$C$501,MATCH(49,Itens!$M$2:$M$501,0))="","",INDEX(Itens!$C$2:$C$501,MATCH(49,Itens!$M$2:$M$501,0))),"") | C61: =IFERROR(IF(INDEX(Itens!$E$2:$E$501,MATCH(49,Itens!$M$2:$M$501,0))="","",INDEX(Itens!$E$2:$E$501,MATCH(49,Itens!$M$2:$M$501,0))),"") | D61: =IFERROR(IF(INDEX(Itens!$F$2:$F$501,MATCH(49,Itens!$M$2:$M$501,0))="","",INDEX(Itens!$F$2:$F$501,MATCH(49,Itens!$M$2:$M$501,0))),"") | E61: =IFERROR(IF(INDEX(Itens!$G$2:$G$501,MATCH(49,Itens!$M$2:$M$501,0))="","",INDEX(Itens!$G$2:$G$501,MATCH(49,Itens!$M$2:$M$501,0))),"") | F61: =IFERROR(IF(INDEX(Itens!$I$2:$I$501,MATCH(49,Itens!$M$2:$M$501,0))="","",INDEX(Itens!$I$2:$I$501,MATCH(49,Itens!$M$2:$M$501,0))),"") | G61: =IFERROR(IF(INDEX(Itens!$J$2:$J$501,MATCH(49,Itens!$M$2:$M$501,0))="","",INDEX(Itens!$J$2:$J$501,MATCH(49,Itens!$M$2:$M$501,0))),"") | H61: =IFERROR(IF(INDEX(Itens!$K$2:$K$501,MATCH(49,Itens!$M$2:$M$501,0))="","",INDEX(Itens!$K$2:$K$501,MATCH(49,Itens!$M$2:$M$501,0))),"") | I61: =IFERROR(IF(INDEX(Itens!$L$2:$L$501,MATCH(49,Itens!$M$2:$M$501,0))="","",INDEX(Itens!$L$2:$L$501,MATCH(49,Itens!$M$2:$M$501,0))),"")
A62: =IFERROR(IF(INDEX(Itens!$A$2:$A$501,MATCH(50,Itens!$M$2:$M$501,0))="","",INDEX(Itens!$A$2:$A$501,MATCH(50,Itens!$M$2:$M$501,0))),"") | B62: =IFERROR(IF(INDEX(Itens!$C$2:$C$501,MATCH(50,Itens!$M$2:$M$501,0))="","",INDEX(Itens!$C$2:$C$501,MATCH(50,Itens!$M$2:$M$501,0))),"") | C62: =IFERROR(IF(INDEX(Itens!$E$2:$E$501,MATCH(50,Itens!$M$2:$M$501,0))="","",INDEX(Itens!$E$2:$E$501,MATCH(50,Itens!$M$2:$M$501,0))),"") | D62: =IFERROR(IF(INDEX(Itens!$F$2:$F$501,MATCH(50,Itens!$M$2:$M$501,0))="","",INDEX(Itens!$F$2:$F$501,MATCH(50,Itens!$M$2:$M$501,0))),"") | E62: =IFERROR(IF(INDEX(Itens!$G$2:$G$501,MATCH(50,Itens!$M$2:$M$501,0))="","",INDEX(Itens!$G$2:$G$501,MATCH(50,Itens!$M$2:$M$501,0))),"") | F62: =IFERROR(IF(INDEX(Itens!$I$2:$I$501,MATCH(50,Itens!$M$2:$M$501,0))="","",INDEX(Itens!$I$2:$I$501,MATCH(50,Itens!$M$2:$M$501,0))),"") | G62: =IFERROR(IF(INDEX(Itens!$J$2:$J$501,MATCH(50,Itens!$M$2:$M$501,0))="","",INDEX(Itens!$J$2:$J$501,MATCH(50,Itens!$M$2:$M$501,0))),"") | H62: =IFERROR(IF(INDEX(Itens!$K$2:$K$501,MATCH(50,Itens!$M$2:$M$501,0))="","",INDEX(Itens!$K$2:$K$501,MATCH(50,Itens!$M$2:$M$501,0))),"") | I62: =IFERROR(IF(INDEX(Itens!$L$2:$L$501,MATCH(50,Itens!$M$2:$M$501,0))="","",INDEX(Itens!$L$2:$L$501,MATCH(50,Itens!$M$2:$M$501,0))),"")
A63: =IFERROR(IF(INDEX(Itens!$A$2:$A$501,MATCH(51,Itens!$M$2:$M$501,0))="","",INDEX(Itens!$A$2:$A$501,MATCH(51,Itens!$M$2:$M$501,0))),"") | B63: =IFERROR(IF(INDEX(Itens!$C$2:$C$501,MATCH(51,Itens!$M$2:$M$501,0))="","",INDEX(Itens!$C$2:$C$501,MATCH(51,Itens!$M$2:$M$501,0))),"") | C63: =IFERROR(IF(INDEX(Itens!$E$2:$E$501,MATCH(51,Itens!$M$2:$M$501,0))="","",INDEX(Itens!$E$2:$E$501,MATCH(51,Itens!$M$2:$M$501,0))),"") | D63: =IFERROR(IF(INDEX(Itens!$F$2:$F$501,MATCH(51,Itens!$M$2:$M$501,0))="","",INDEX(Itens!$F$2:$F$501,MATCH(51,Itens!$M$2:$M$501,0))),"") | E63: =IFERROR(IF(INDEX(Itens!$G$2:$G$501,MATCH(51,Itens!$M$2:$M$501,0))="","",INDEX(Itens!$G$2:$G$501,MATCH(51,Itens!$M$2:$M$501,0))),"") | F63: =IFERROR(IF(INDEX(Itens!$I$2:$I$501,MATCH(51,Itens!$M$2:$M$501,0))="","",INDEX(Itens!$I$2:$I$501,MATCH(51,Itens!$M$2:$M$501,0))),"") | G63: =IFERROR(IF(INDEX(Itens!$J$2:$J$501,MATCH(51,Itens!$M$2:$M$501,0))="","",INDEX(Itens!$J$2:$J$501,MATCH(51,Itens!$M$2:$M$501,0))),"") | H63: =IFERROR(IF(INDEX(Itens!$K$2:$K$501,MATCH(51,Itens!$M$2:$M$501,0))="","",INDEX(Itens!$K$2:$K$501,MATCH(51,Itens!$M$2:$M$501,0))),"") | I63: =IFERROR(IF(INDEX(Itens!$L$2:$L$501,MATCH(51,Itens!$M$2:$M$501,0))="","",INDEX(Itens!$L$2:$L$501,MATCH(51,Itens!$M$2:$M$501,0))),"")
A64: =IFERROR(IF(INDEX(Itens!$A$2:$A$501,MATCH(52,Itens!$M$2:$M$501,0))="","",INDEX(Itens!$A$2:$A$501,MATCH(52,Itens!$M$2:$M$501,0))),"") | B64: =IFERROR(IF(INDEX(Itens!$C$2:$C$501,MATCH(52,Itens!$M$2:$M$501,0))="","",INDEX(Itens!$C$2:$C$501,MATCH(52,Itens!$M$2:$M$501,0))),"") | C64: =IFERROR(IF(INDEX(Itens!$E$2:$E$501,MATCH(52,Itens!$M$2:$M$501,0))="","",INDEX(Itens!$E$2:$E$501,MATCH(52,Itens!$M$2:$M$501,0))),"") | D64: =IFERROR(IF(INDEX(Itens!$F$2:$F$501,MATCH(52,Itens!$M$2:$M$501,0))="","",INDEX(Itens!$F$2:$F$501,MATCH(52,Itens!$M$2:$M$501,0))),"") | E64: =IFERROR(IF(INDEX(Itens!$G$2:$G$501,MATCH(52,Itens!$M$2:$M$501,0))="","",INDEX(Itens!$G$2:$G$501,MATCH(52,Itens!$M$2:$M$501,0))),"") | F64: =IFERROR(IF(INDEX(Itens!$I$2:$I$501,MATCH(52,Itens!$M$2:$M$501,0))="","",INDEX(Itens!$I$2:$I$501,MATCH(52,Itens!$M$2:$M$501,0))),"") | G64: =IFERROR(IF(INDEX(Itens!$J$2:$J$501,MATCH(52,Itens!$M$2:$M$501,0))="","",INDEX(Itens!$J$2:$J$501,MATCH(52,Itens!$M$2:$M$501,0))),"") | H64: =IFERROR(IF(INDEX(Itens!$K$2:$K$501,MATCH(52,Itens!$M$2:$M$501,0))="","",INDEX(Itens!$K$2:$K$501,MATCH(52,Itens!$M$2:$M$501,0))),"") | I64: =IFERROR(IF(INDEX(Itens!$L$2:$L$501,MATCH(52,Itens!$M$2:$M$501,0))="","",INDEX(Itens!$L$2:$L$501,MATCH(52,Itens!$M$2:$M$501,0))),"")
A65: =IFERROR(IF(INDEX(Itens!$A$2:$A$501,MATCH(53,Itens!$M$2:$M$501,0))="","",INDEX(Itens!$A$2:$A$501,MATCH(53,Itens!$M$2:$M$501,0))),"") | B65: =IFERROR(IF(INDEX(Itens!$C$2:$C$501,MATCH(53,Itens!$M$2:$M$501,0))="","",INDEX(Itens!$C$2:$C$501,MATCH(53,Itens!$M$2:$M$501,0))),"") | C65: =IFERROR(IF(INDEX(Itens!$E$2:$E$501,MATCH(53,Itens!$M$2:$M$501,0))="","",INDEX(Itens!$E$2:$E$501,MATCH(53,Itens!$M$2:$M$501,0))),"") | D65: =IFERROR(IF(INDEX(Itens!$F$2:$F$501,MATCH(53,Itens!$M$2:$M$501,0))="","",INDEX(Itens!$F$2:$F$501,MATCH(53,Itens!$M$2:$M$501,0))),"") | E65: =IFERROR(IF(INDEX(Itens!$G$2:$G$501,MATCH(53,Itens!$M$2:$M$501,0))="","",INDEX(Itens!$G$2:$G$501,MATCH(53,Itens!$M$2:$M$501,0))),"") | F65: =IFERROR(IF(INDEX(Itens!$I$2:$I$501,MATCH(53,Itens!$M$2:$M$501,0))="","",INDEX(Itens!$I$2:$I$501,MATCH(53,Itens!$M$2:$M$501,0))),"") | G65: =IFERROR(IF(INDEX(Itens!$J$2:$J$501,MATCH(53,Itens!$M$2:$M$501,0))="","",INDEX(Itens!$J$2:$J$501,MATCH(53,Itens!$M$2:$M$501,0))),"") | H65: =IFERROR(IF(INDEX(Itens!$K$2:$K$501,MATCH(53,Itens!$M$2:$M$501,0))="","",INDEX(Itens!$K$2:$K$501,MATCH(53,Itens!$M$2:$M$501,0))),"") | I65: =IFERROR(IF(INDEX(Itens!$L$2:$L$501,MATCH(53,Itens!$M$2:$M$501,0))="","",INDEX(Itens!$L$2:$L$501,MATCH(53,Itens!$M$2:$M$501,0))),"")
A66: =IFERROR(IF(INDEX(Itens!$A$2:$A$501,MATCH(54,Itens!$M$2:$M$501,0))="","",INDEX(Itens!$A$2:$A$501,MATCH(54,Itens!$M$2:$M$501,0))),"") | B66: =IFERROR(IF(INDEX(Itens!$C$2:$C$501,MATCH(54,Itens!$M$2:$M$501,0))="","",INDEX(Itens!$C$2:$C$501,MATCH(54,Itens!$M$2:$M$501,0))),"") | C66: =IFERROR(IF(INDEX(Itens!$E$2:$E$501,MATCH(54,Itens!$M$2:$M$501,0))="","",INDEX(Itens!$E$2:$E$501,MATCH(54,Itens!$M$2:$M$501,0))),"") | D66: =IFERROR(IF(INDEX(Itens!$F$2:$F$501,MATCH(54,Itens!$M$2:$M$501,0))="","",INDEX(Itens!$F$2:$F$501,MATCH(54,Itens!$M$2:$M$501,0))),"") | E66: =IFERROR(IF(INDEX(Itens!$G$2:$G$501,MATCH(54,Itens!$M$2:$M$501,0))="","",INDEX(Itens!$G$2:$G$501,MATCH(54,Itens!$M$2:$M$501,0))),"") | F66: =IFERROR(IF(INDEX(Itens!$I$2:$I$501,MATCH(54,Itens!$M$2:$M$501,0))="","",INDEX(Itens!$I$2:$I$501,MATCH(54,Itens!$M$2:$M$501,0))),"") | G66: =IFERROR(IF(INDEX(Itens!$J$2:$J$501,MATCH(54,Itens!$M$2:$M$501,0))="","",INDEX(Itens!$J$2:$J$501,MATCH(54,Itens!$M$2:$M$501,0))),"") | H66: =IFERROR(IF(INDEX(Itens!$K$2:$K$501,MATCH(54,Itens!$M$2:$M$501,0))="","",INDEX(Itens!$K$2:$K$501,MATCH(54,Itens!$M$2:$M$501,0))),"") | I66: =IFERROR(IF(INDEX(Itens!$L$2:$L$501,MATCH(54,Itens!$M$2:$M$501,0))="","",INDEX(Itens!$L$2:$L$501,MATCH(54,Itens!$M$2:$M$501,0))),"")
A67: =IFERROR(IF(INDEX(Itens!$A$2:$A$501,MATCH(55,Itens!$M$2:$M$501,0))="","",INDEX(Itens!$A$2:$A$501,MATCH(55,Itens!$M$2:$M$501,0))),"") | B67: =IFERROR(IF(INDEX(Itens!$C$2:$C$501,MATCH(55,Itens!$M$2:$M$501,0))="","",INDEX(Itens!$C$2:$C$501,MATCH(55,Itens!$M$2:$M$501,0))),"") | C67: =IFERROR(IF(INDEX(Itens!$E$2:$E$501,MATCH(55,Itens!$M$2:$M$501,0))="","",INDEX(Itens!$E$2:$E$501,MATCH(55,Itens!$M$2:$M$501,0))),"") | D67: =IFERROR(IF(INDEX(Itens!$F$2:$F$501,MATCH(55,Itens!$M$2:$M$501,0))="","",INDEX(Itens!$F$2:$F$501,MATCH(55,Itens!$M$2:$M$501,0))),"") | E67: =IFERROR(IF(INDEX(Itens!$G$2:$G$501,MATCH(55,Itens!$M$2:$M$501,0))="","",INDEX(Itens!$G$2:$G$501,MATCH(55,Itens!$M$2:$M$501,0))),"") | F67: =IFERROR(IF(INDEX(Itens!$I$2:$I$501,MATCH(55,Itens!$M$2:$M$501,0))="","",INDEX(Itens!$I$2:$I$501,MATCH(55,Itens!$M$2:$M$501,0))),"") | G67: =IFERROR(IF(INDEX(Itens!$J$2:$J$501,MATCH(55,Itens!$M$2:$M$501,0))="","",INDEX(Itens!$J$2:$J$501,MATCH(55,Itens!$M$2:$M$501,0))),"") | H67: =IFERROR(IF(INDEX(Itens!$K$2:$K$501,MATCH(55,Itens!$M$2:$M$501,0))="","",INDEX(Itens!$K$2:$K$501,MATCH(55,Itens!$M$2:$M$501,0))),"") | I67: =IFERROR(IF(INDEX(Itens!$L$2:$L$501,MATCH(55,Itens!$M$2:$M$501,0))="","",INDEX(Itens!$L$2:$L$501,MATCH(55,Itens!$M$2:$M$501,0))),"")
A68: =IFERROR(IF(INDEX(Itens!$A$2:$A$501,MATCH(56,Itens!$M$2:$M$501,0))="","",INDEX(Itens!$A$2:$A$501,MATCH(56,Itens!$M$2:$M$501,0))),"") | B68: =IFERROR(IF(INDEX(Itens!$C$2:$C$501,MATCH(56,Itens!$M$2:$M$501,0))="","",INDEX(Itens!$C$2:$C$501,MATCH(56,Itens!$M$2:$M$501,0))),"") | C68: =IFERROR(IF(INDEX(Itens!$E$2:$E$501,MATCH(56,Itens!$M$2:$M$501,0))="","",INDEX(Itens!$E$2:$E$501,MATCH(56,Itens!$M$2:$M$501,0))),"") | D68: =IFERROR(IF(INDEX(Itens!$F$2:$F$501,MATCH(56,Itens!$M$2:$M$501,0))="","",INDEX(Itens!$F$2:$F$501,MATCH(56,Itens!$M$2:$M$501,0))),"") | E68: =IFERROR(IF(INDEX(Itens!$G$2:$G$501,MATCH(56,Itens!$M$2:$M$501,0))="","",INDEX(Itens!$G$2:$G$501,MATCH(56,Itens!$M$2:$M$501,0))),"") | F68: =IFERROR(IF(INDEX(Itens!$I$2:$I$501,MATCH(56,Itens!$M$2:$M$501,0))="","",INDEX(Itens!$I$2:$I$501,MATCH(56,Itens!$M$2:$M$501,0))),"") | G68: =IFERROR(IF(INDEX(Itens!$J$2:$J$501,MATCH(56,Itens!$M$2:$M$501,0))="","",INDEX(Itens!$J$2:$J$501,MATCH(56,Itens!$M$2:$M$501,0))),"") | H68: =IFERROR(IF(INDEX(Itens!$K$2:$K$501,MATCH(56,Itens!$M$2:$M$501,0))="","",INDEX(Itens!$K$2:$K$501,MATCH(56,Itens!$M$2:$M$501,0))),"") | I68: =IFERROR(IF(INDEX(Itens!$L$2:$L$501,MATCH(56,Itens!$M$2:$M$501,0))="","",INDEX(Itens!$L$2:$L$501,MATCH(56,Itens!$M$2:$M$501,0))),"")
A69: =IFERROR(IF(INDEX(Itens!$A$2:$A$501,MATCH(57,Itens!$M$2:$M$501,0))="","",INDEX(Itens!$A$2:$A$501,MATCH(57,Itens!$M$2:$M$501,0))),"") | B69: =IFERROR(IF(INDEX(Itens!$C$2:$C$501,MATCH(57,Itens!$M$2:$M$501,0))="","",INDEX(Itens!$C$2:$C$501,MATCH(57,Itens!$M$2:$M$501,0))),"") | C69: =IFERROR(IF(INDEX(Itens!$E$2:$E$501,MATCH(57,Itens!$M$2:$M$501,0))="","",INDEX(Itens!$E$2:$E$501,MATCH(57,Itens!$M$2:$M$501,0))),"") | D69: =IFERROR(IF(INDEX(Itens!$F$2:$F$501,MATCH(57,Itens!$M$2:$M$501,0))="","",INDEX(Itens!$F$2:$F$501,MATCH(57,Itens!$M$2:$M$501,0))),"") | E69: =IFERROR(IF(INDEX(Itens!$G$2:$G$501,MATCH(57,Itens!$M$2:$M$501,0))="","",INDEX(Itens!$G$2:$G$501,MATCH(57,Itens!$M$2:$M$501,0))),"") | F69: =IFERROR(IF(INDEX(Itens!$I$2:$I$501,MATCH(57,Itens!$M$2:$M$501,0))="","",INDEX(Itens!$I$2:$I$501,MATCH(57,Itens!$M$2:$M$501,0))),"") | G69: =IFERROR(IF(INDEX(Itens!$J$2:$J$501,MATCH(57,Itens!$M$2:$M$501,0))="","",INDEX(Itens!$J$2:$J$501,MATCH(57,Itens!$M$2:$M$501,0))),"") | H69: =IFERROR(IF(INDEX(Itens!$K$2:$K$501,MATCH(57,Itens!$M$2:$M$501,0))="","",INDEX(Itens!$K$2:$K$501,MATCH(57,Itens!$M$2:$M$501,0))),"") | I69: =IFERROR(IF(INDEX(Itens!$L$2:$L$501,MATCH(57,Itens!$M$2:$M$501,0))="","",INDEX(Itens!$L$2:$L$501,MATCH(57,Itens!$M$2:$M$501,0))),"")
A70: =IFERROR(IF(INDEX(Itens!$A$2:$A$501,MATCH(58,Itens!$M$2:$M$501,0))="","",INDEX(Itens!$A$2:$A$501,MATCH(58,Itens!$M$2:$M$501,0))),"") | B70: =IFERROR(IF(INDEX(Itens!$C$2:$C$501,MATCH(58,Itens!$M$2:$M$501,0))="","",INDEX(Itens!$C$2:$C$501,MATCH(58,Itens!$M$2:$M$501,0))),"") | C70: =IFERROR(IF(INDEX(Itens!$E$2:$E$501,MATCH(58,Itens!$M$2:$M$501,0))="","",INDEX(Itens!$E$2:$E$501,MATCH(58,Itens!$M$2:$M$501,0))),"") | D70: =IFERROR(IF(INDEX(Itens!$F$2:$F$501,MATCH(58,Itens!$M$2:$M$501,0))="","",INDEX(Itens!$F$2:$F$501,MATCH(58,Itens!$M$2:$M$501,0))),"") | E70: =IFERROR(IF(INDEX(Itens!$G$2:$G$501,MATCH(58,Itens!$M$2:$M$501,0))="","",INDEX(Itens!$G$2:$G$501,MATCH(58,Itens!$M$2:$M$501,0))),"") | F70: =IFERROR(IF(INDEX(Itens!$I$2:$I$501,MATCH(58,Itens!$M$2:$M$501,0))="","",INDEX(Itens!$I$2:$I$501,MATCH(58,Itens!$M$2:$M$501,0))),"") | G70: =IFERROR(IF(INDEX(Itens!$J$2:$J$501,MATCH(58,Itens!$M$2:$M$501,0))="","",INDEX(Itens!$J$2:$J$501,MATCH(58,Itens!$M$2:$M$501,0))),"") | H70: =IFERROR(IF(INDEX(Itens!$K$2:$K$501,MATCH(58,Itens!$M$2:$M$501,0))="","",INDEX(Itens!$K$2:$K$501,MATCH(58,Itens!$M$2:$M$501,0))),"") | I70: =IFERROR(IF(INDEX(Itens!$L$2:$L$501,MATCH(58,Itens!$M$2:$M$501,0))="","",INDEX(Itens!$L$2:$L$501,MATCH(58,Itens!$M$2:$M$501,0))),"")
A71: =IFERROR(IF(INDEX(Itens!$A$2:$A$501,MATCH(59,Itens!$M$2:$M$501,0))="","",INDEX(Itens!$A$2:$A$501,MATCH(59,Itens!$M$2:$M$501,0))),"") | B71: =IFERROR(IF(INDEX(Itens!$C$2:$C$501,MATCH(59,Itens!$M$2:$M$501,0))="","",INDEX(Itens!$C$2:$C$501,MATCH(59,Itens!$M$2:$M$501,0))),"") | C71: =IFERROR(IF(INDEX(Itens!$E$2:$E$501,MATCH(59,Itens!$M$2:$M$501,0))="","",INDEX(Itens!$E$2:$E$501,MATCH(59,Itens!$M$2:$M$501,0))),"") | D71: =IFERROR(IF(INDEX(Itens!$F$2:$F$501,MATCH(59,Itens!$M$2:$M$501,0))="","",INDEX(Itens!$F$2:$F$501,MATCH(59,Itens!$M$2:$M$501,0))),"") | E71: =IFERROR(IF(INDEX(Itens!$G$2:$G$501,MATCH(59,Itens!$M$2:$M$501,0))="","",INDEX(Itens!$G$2:$G$501,MATCH(59,Itens!$M$2:$M$501,0))),"") | F71: =IFERROR(IF(INDEX(Itens!$I$2:$I$501,MATCH(59,Itens!$M$2:$M$501,0))="","",INDEX(Itens!$I$2:$I$501,MATCH(59,Itens!$M$2:$M$501,0))),"") | G71: =IFERROR(IF(INDEX(Itens!$J$2:$J$501,MATCH(59,Itens!$M$2:$M$501,0))="","",INDEX(Itens!$J$2:$J$501,MATCH(59,Itens!$M$2:$M$501,0))),"") | H71: =IFERROR(IF(INDEX(Itens!$K$2:$K$501,MATCH(59,Itens!$M$2:$M$501,0))="","",INDEX(Itens!$K$2:$K$501,MATCH(59,Itens!$M$2:$M$501,0))),"") | I71: =IFERROR(IF(INDEX(Itens!$L$2:$L$501,MATCH(59,Itens!$M$2:$M$501,0))="","",INDEX(Itens!$L$2:$L$501,MATCH(59,Itens!$M$2:$M$501,0))),"")
A72: =IFERROR(IF(INDEX(Itens!$A$2:$A$501,MATCH(60,Itens!$M$2:$M$501,0))="","",INDEX(Itens!$A$2:$A$501,MATCH(60,Itens!$M$2:$M$501,0))),"") | B72: =IFERROR(IF(INDEX(Itens!$C$2:$C$501,MATCH(60,Itens!$M$2:$M$501,0))="","",INDEX(Itens!$C$2:$C$501,MATCH(60,Itens!$M$2:$M$501,0))),"") | C72: =IFERROR(IF(INDEX(Itens!$E$2:$E$501,MATCH(60,Itens!$M$2:$M$501,0))="","",INDEX(Itens!$E$2:$E$501,MATCH(60,Itens!$M$2:$M$501,0))),"") | D72: =IFERROR(IF(INDEX(Itens!$F$2:$F$501,MATCH(60,Itens!$M$2:$M$501,0))="","",INDEX(Itens!$F$2:$F$501,MATCH(60,Itens!$M$2:$M$501,0))),"") | E72: =IFERROR(IF(INDEX(Itens!$G$2:$G$501,MATCH(60,Itens!$M$2:$M$501,0))="","",INDEX(Itens!$G$2:$G$501,MATCH(60,Itens!$M$2:$M$501,0))),"") | F72: =IFERROR(IF(INDEX(Itens!$I$2:$I$501,MATCH(60,Itens!$M$2:$M$501,0))="","",INDEX(Itens!$I$2:$I$501,MATCH(60,Itens!$M$2:$M$501,0))),"") | G72: =IFERROR(IF(INDEX(Itens!$J$2:$J$501,MATCH(60,Itens!$M$2:$M$501,0))="","",INDEX(Itens!$J$2:$J$501,MATCH(60,Itens!$M$2:$M$501,0))),"") | H72: =IFERROR(IF(INDEX(Itens!$K$2:$K$501,MATCH(60,Itens!$M$2:$M$501,0))="","",INDEX(Itens!$K$2:$K$501,MATCH(60,Itens!$M$2:$M$501,0))),"") | I72: =IFERROR(IF(INDEX(Itens!$L$2:$L$501,MATCH(60,Itens!$M$2:$M$501,0))="","",INDEX(Itens!$L$2:$L$501,MATCH(60,Itens!$M$2:$M$501,0))),"")
A73: =IFERROR(IF(INDEX(Itens!$A$2:$A$501,MATCH(61,Itens!$M$2:$M$501,0))="","",INDEX(Itens!$A$2:$A$501,MATCH(61,Itens!$M$2:$M$501,0))),"") | B73: =IFERROR(IF(INDEX(Itens!$C$2:$C$501,MATCH(61,Itens!$M$2:$M$501,0))="","",INDEX(Itens!$C$2:$C$501,MATCH(61,Itens!$M$2:$M$501,0))),"") | C73: =IFERROR(IF(INDEX(Itens!$E$2:$E$501,MATCH(61,Itens!$M$2:$M$501,0))="","",INDEX(Itens!$E$2:$E$501,MATCH(61,Itens!$M$2:$M$501,0))),"") | D73: =IFERROR(IF(INDEX(Itens!$F$2:$F$501,MATCH(61,Itens!$M$2:$M$501,0))="","",INDEX(Itens!$F$2:$F$501,MATCH(61,Itens!$M$2:$M$501,0))),"") | E73: =IFERROR(IF(INDEX(Itens!$G$2:$G$501,MATCH(61,Itens!$M$2:$M$501,0))="","",INDEX(Itens!$G$2:$G$501,MATCH(61,Itens!$M$2:$M$501,0))),"") | F73: =IFERROR(IF(INDEX(Itens!$I$2:$I$501,MATCH(61,Itens!$M$2:$M$501,0))="","",INDEX(Itens!$I$2:$I$501,MATCH(61,Itens!$M$2:$M$501,0))),"") | G73: =IFERROR(IF(INDEX(Itens!$J$2:$J$501,MATCH(61,Itens!$M$2:$M$501,0))="","",INDEX(Itens!$J$2:$J$501,MATCH(61,Itens!$M$2:$M$501,0))),"") | H73: =IFERROR(IF(INDEX(Itens!$K$2:$K$501,MATCH(61,Itens!$M$2:$M$501,0))="","",INDEX(Itens!$K$2:$K$501,MATCH(61,Itens!$M$2:$M$501,0))),"") | I73: =IFERROR(IF(INDEX(Itens!$L$2:$L$501,MATCH(61,Itens!$M$2:$M$501,0))="","",INDEX(Itens!$L$2:$L$501,MATCH(61,Itens!$M$2:$M$501,0))),"")
A74: =IFERROR(IF(INDEX(Itens!$A$2:$A$501,MATCH(62,Itens!$M$2:$M$501,0))="","",INDEX(Itens!$A$2:$A$501,MATCH(62,Itens!$M$2:$M$501,0))),"") | B74: =IFERROR(IF(INDEX(Itens!$C$2:$C$501,MATCH(62,Itens!$M$2:$M$501,0))="","",INDEX(Itens!$C$2:$C$501,MATCH(62,Itens!$M$2:$M$501,0))),"") | C74: =IFERROR(IF(INDEX(Itens!$E$2:$E$501,MATCH(62,Itens!$M$2:$M$501,0))="","",INDEX(Itens!$E$2:$E$501,MATCH(62,Itens!$M$2:$M$501,0))),"") | D74: =IFERROR(IF(INDEX(Itens!$F$2:$F$501,MATCH(62,Itens!$M$2:$M$501,0))="","",INDEX(Itens!$F$2:$F$501,MATCH(62,Itens!$M$2:$M$501,0))),"") | E74: =IFERROR(IF(INDEX(Itens!$G$2:$G$501,MATCH(62,Itens!$M$2:$M$501,0))="","",INDEX(Itens!$G$2:$G$501,MATCH(62,Itens!$M$2:$M$501,0))),"") | F74: =IFERROR(IF(INDEX(Itens!$I$2:$I$501,MATCH(62,Itens!$M$2:$M$501,0))="","",INDEX(Itens!$I$2:$I$501,MATCH(62,Itens!$M$2:$M$501,0))),"") | G74: =IFERROR(IF(INDEX(Itens!$J$2:$J$501,MATCH(62,Itens!$M$2:$M$501,0))="","",INDEX(Itens!$J$2:$J$501,MATCH(62,Itens!$M$2:$M$501,0))),"") | H74: =IFERROR(IF(INDEX(Itens!$K$2:$K$501,MATCH(62,Itens!$M$2:$M$501,0))="","",INDEX(Itens!$K$2:$K$501,MATCH(62,Itens!$M$2:$M$501,0))),"") | I74: =IFERROR(IF(INDEX(Itens!$L$2:$L$501,MATCH(62,Itens!$M$2:$M$501,0))="","",INDEX(Itens!$L$2:$L$501,MATCH(62,Itens!$M$2:$M$501,0))),"")
A75: =IFERROR(IF(INDEX(Itens!$A$2:$A$501,MATCH(63,Itens!$M$2:$M$501,0))="","",INDEX(Itens!$A$2:$A$501,MATCH(63,Itens!$M$2:$M$501,0))),"") | B75: =IFERROR(IF(INDEX(Itens!$C$2:$C$501,MATCH(63,Itens!$M$2:$M$501,0))="","",INDEX(Itens!$C$2:$C$501,MATCH(63,Itens!$M$2:$M$501,0))),"") | C75: =IFERROR(IF(INDEX(Itens!$E$2:$E$501,MATCH(63,Itens!$M$2:$M$501,0))="","",INDEX(Itens!$E$2:$E$501,MATCH(63,Itens!$M$2:$M$501,0))),"") | D75: =IFERROR(IF(INDEX(Itens!$F$2:$F$501,MATCH(63,Itens!$M$2:$M$501,0))="","",INDEX(Itens!$F$2:$F$501,MATCH(63,Itens!$M$2:$M$501,0))),"") | E75: =IFERROR(IF(INDEX(Itens!$G$2:$G$501,MATCH(63,Itens!$M$2:$M$501,0))="","",INDEX(Itens!$G$2:$G$501,MATCH(63,Itens!$M$2:$M$501,0))),"") | F75: =IFERROR(IF(INDEX(Itens!$I$2:$I$501,MATCH(63,Itens!$M$2:$M$501,0))="","",INDEX(Itens!$I$2:$I$501,MATCH(63,Itens!$M$2:$M$501,0))),"") | G75: =IFERROR(IF(INDEX(Itens!$J$2:$J$501,MATCH(63,Itens!$M$2:$M$501,0))="","",INDEX(Itens!$J$2:$J$501,MATCH(63,Itens!$M$2:$M$501,0))),"") | H75: =IFERROR(IF(INDEX(Itens!$K$2:$K$501,MATCH(63,Itens!$M$2:$M$501,0))="","",INDEX(Itens!$K$2:$K$501,MATCH(63,Itens!$M$2:$M$501,0))),"") | I75: =IFERROR(IF(INDEX(Itens!$L$2:$L$501,MATCH(63,Itens!$M$2:$M$501,0))="","",INDEX(Itens!$L$2:$L$501,MATCH(63,Itens!$M$2:$M$501,0))),"")
A76: =IFERROR(IF(INDEX(Itens!$A$2:$A$501,MATCH(64,Itens!$M$2:$M$501,0))="","",INDEX(Itens!$A$2:$A$501,MATCH(64,Itens!$M$2:$M$501,0))),"") | B76: =IFERROR(IF(INDEX(Itens!$C$2:$C$501,MATCH(64,Itens!$M$2:$M$501,0))="","",INDEX(Itens!$C$2:$C$501,MATCH(64,Itens!$M$2:$M$501,0))),"") | C76: =IFERROR(IF(INDEX(Itens!$E$2:$E$501,MATCH(64,Itens!$M$2:$M$501,0))="","",INDEX(Itens!$E$2:$E$501,MATCH(64,Itens!$M$2:$M$501,0))),"") | D76: =IFERROR(IF(INDEX(Itens!$F$2:$F$501,MATCH(64,Itens!$M$2:$M$501,0))="","",INDEX(Itens!$F$2:$F$501,MATCH(64,Itens!$M$2:$M$501,0))),"") | E76: =IFERROR(IF(INDEX(Itens!$G$2:$G$501,MATCH(64,Itens!$M$2:$M$501,0))="","",INDEX(Itens!$G$2:$G$501,MATCH(64,Itens!$M$2:$M$501,0))),"") | F76: =IFERROR(IF(INDEX(Itens!$I$2:$I$501,MATCH(64,Itens!$M$2:$M$501,0))="","",INDEX(Itens!$I$2:$I$501,MATCH(64,Itens!$M$2:$M$501,0))),"") | G76: =IFERROR(IF(INDEX(Itens!$J$2:$J$501,MATCH(64,Itens!$M$2:$M$501,0))="","",INDEX(Itens!$J$2:$J$501,MATCH(64,Itens!$M$2:$M$501,0))),"") | H76: =IFERROR(IF(INDEX(Itens!$K$2:$K$501,MATCH(64,Itens!$M$2:$M$501,0))="","",INDEX(Itens!$K$2:$K$501,MATCH(64,Itens!$M$2:$M$501,0))),"") | I76: =IFERROR(IF(INDEX(Itens!$L$2:$L$501,MATCH(64,Itens!$M$2:$M$501,0))="","",INDEX(Itens!$L$2:$L$501,MATCH(64,Itens!$M$2:$M$501,0))),"")
A77: =IFERROR(IF(INDEX(Itens!$A$2:$A$501,MATCH(65,Itens!$M$2:$M$501,0))="","",INDEX(Itens!$A$2:$A$501,MATCH(65,Itens!$M$2:$M$501,0))),"") | B77: =IFERROR(IF(INDEX(Itens!$C$2:$C$501,MATCH(65,Itens!$M$2:$M$501,0))="","",INDEX(Itens!$C$2:$C$501,MATCH(65,Itens!$M$2:$M$501,0))),"") | C77: =IFERROR(IF(INDEX(Itens!$E$2:$E$501,MATCH(65,Itens!$M$2:$M$501,0))="","",INDEX(Itens!$E$2:$E$501,MATCH(65,Itens!$M$2:$M$501,0))),"") | D77: =IFERROR(IF(INDEX(Itens!$F$2:$F$501,MATCH(65,Itens!$M$2:$M$501,0))="","",INDEX(Itens!$F$2:$F$501,MATCH(65,Itens!$M$2:$M$501,0))),"") | E77: =IFERROR(IF(INDEX(Itens!$G$2:$G$501,MATCH(65,Itens!$M$2:$M$501,0))="","",INDEX(Itens!$G$2:$G$501,MATCH(65,Itens!$M$2:$M$501,0))),"") | F77: =IFERROR(IF(INDEX(Itens!$I$2:$I$501,MATCH(65,Itens!$M$2:$M$501,0))="","",INDEX(Itens!$I$2:$I$501,MATCH(65,Itens!$M$2:$M$501,0))),"") | G77: =IFERROR(IF(INDEX(Itens!$J$2:$J$501,MATCH(65,Itens!$M$2:$M$501,0))="","",INDEX(Itens!$J$2:$J$501,MATCH(65,Itens!$M$2:$M$501,0))),"") | H77: =IFERROR(IF(INDEX(Itens!$K$2:$K$501,MATCH(65,Itens!$M$2:$M$501,0))="","",INDEX(Itens!$K$2:$K$501,MATCH(65,Itens!$M$2:$M$501,0))),"") | I77: =IFERROR(IF(INDEX(Itens!$L$2:$L$501,MATCH(65,Itens!$M$2:$M$501,0))="","",INDEX(Itens!$L$2:$L$501,MATCH(65,Itens!$M$2:$M$501,0))),"")
A78: =IFERROR(IF(INDEX(Itens!$A$2:$A$501,MATCH(66,Itens!$M$2:$M$501,0))="","",INDEX(Itens!$A$2:$A$501,MATCH(66,Itens!$M$2:$M$501,0))),"") | B78: =IFERROR(IF(INDEX(Itens!$C$2:$C$501,MATCH(66,Itens!$M$2:$M$501,0))="","",INDEX(Itens!$C$2:$C$501,MATCH(66,Itens!$M$2:$M$501,0))),"") | C78: =IFERROR(IF(INDEX(Itens!$E$2:$E$501,MATCH(66,Itens!$M$2:$M$501,0))="","",INDEX(Itens!$E$2:$E$501,MATCH(66,Itens!$M$2:$M$501,0))),"") | D78: =IFERROR(IF(INDEX(Itens!$F$2:$F$501,MATCH(66,Itens!$M$2:$M$501,0))="","",INDEX(Itens!$F$2:$F$501,MATCH(66,Itens!$M$2:$M$501,0))),"") | E78: =IFERROR(IF(INDEX(Itens!$G$2:$G$501,MATCH(66,Itens!$M$2:$M$501,0))="","",INDEX(Itens!$G$2:$G$501,MATCH(66,Itens!$M$2:$M$501,0))),"") | F78: =IFERROR(IF(INDEX(Itens!$I$2:$I$501,MATCH(66,Itens!$M$2:$M$501,0))="","",INDEX(Itens!$I$2:$I$501,MATCH(66,Itens!$M$2:$M$501,0))),"") | G78: =IFERROR(IF(INDEX(Itens!$J$2:$J$501,MATCH(66,Itens!$M$2:$M$501,0))="","",INDEX(Itens!$J$2:$J$501,MATCH(66,Itens!$M$2:$M$501,0))),"") | H78: =IFERROR(IF(INDEX(Itens!$K$2:$K$501,MATCH(66,Itens!$M$2:$M$501,0))="","",INDEX(Itens!$K$2:$K$501,MATCH(66,Itens!$M$2:$M$501,0))),"") | I78: =IFERROR(IF(INDEX(Itens!$L$2:$L$501,MATCH(66,Itens!$M$2:$M$501,0))="","",INDEX(Itens!$L$2:$L$501,MATCH(66,Itens!$M$2:$M$501,0))),"")
A79: =IFERROR(IF(INDEX(Itens!$A$2:$A$501,MATCH(67,Itens!$M$2:$M$501,0))="","",INDEX(Itens!$A$2:$A$501,MATCH(67,Itens!$M$2:$M$501,0))),"") | B79: =IFERROR(IF(INDEX(Itens!$C$2:$C$501,MATCH(67,Itens!$M$2:$M$501,0))="","",INDEX(Itens!$C$2:$C$501,MATCH(67,Itens!$M$2:$M$501,0))),"") | C79: =IFERROR(IF(INDEX(Itens!$E$2:$E$501,MATCH(67,Itens!$M$2:$M$501,0))="","",INDEX(Itens!$E$2:$E$501,MATCH(67,Itens!$M$2:$M$501,0))),"") | D79: =IFERROR(IF(INDEX(Itens!$F$2:$F$501,MATCH(67,Itens!$M$2:$M$501,0))="","",INDEX(Itens!$F$2:$F$501,MATCH(67,Itens!$M$2:$M$501,0))),"") | E79: =IFERROR(IF(INDEX(Itens!$G$2:$G$501,MATCH(67,Itens!$M$2:$M$501,0))="","",INDEX(Itens!$G$2:$G$501,MATCH(67,Itens!$M$2:$M$501,0))),"") | F79: =IFERROR(IF(INDEX(Itens!$I$2:$I$501,MATCH(67,Itens!$M$2:$M$501,0))="","",INDEX(Itens!$I$2:$I$501,MATCH(67,Itens!$M$2:$M$501,0))),"") | G79: =IFERROR(IF(INDEX(Itens!$J$2:$J$501,MATCH(67,Itens!$M$2:$M$501,0))="","",INDEX(Itens!$J$2:$J$501,MATCH(67,Itens!$M$2:$M$501,0))),"") | H79: =IFERROR(IF(INDEX(Itens!$K$2:$K$501,MATCH(67,Itens!$M$2:$M$501,0))="","",INDEX(Itens!$K$2:$K$501,MATCH(67,Itens!$M$2:$M$501,0))),"") | I79: =IFERROR(IF(INDEX(Itens!$L$2:$L$501,MATCH(67,Itens!$M$2:$M$501,0))="","",INDEX(Itens!$L$2:$L$501,MATCH(67,Itens!$M$2:$M$501,0))),"")
A80: =IFERROR(IF(INDEX(Itens!$A$2:$A$501,MATCH(68,Itens!$M$2:$M$501,0))="","",INDEX(Itens!$A$2:$A$501,MATCH(68,Itens!$M$2:$M$501,0))),"") | B80: =IFERROR(IF(INDEX(Itens!$C$2:$C$501,MATCH(68,Itens!$M$2:$M$501,0))="","",INDEX(Itens!$C$2:$C$501,MATCH(68,Itens!$M$2:$M$501,0))),"") | C80: =IFERROR(IF(INDEX(Itens!$E$2:$E$501,MATCH(68,Itens!$M$2:$M$501,0))="","",INDEX(Itens!$E$2:$E$501,MATCH(68,Itens!$M$2:$M$501,0))),"") | D80: =IFERROR(IF(INDEX(Itens!$F$2:$F$501,MATCH(68,Itens!$M$2:$M$501,0))="","",INDEX(Itens!$F$2:$F$501,MATCH(68,Itens!$M$2:$M$501,0))),"") | E80: =IFERROR(IF(INDEX(Itens!$G$2:$G$501,MATCH(68,Itens!$M$2:$M$501,0))="","",INDEX(Itens!$G$2:$G$501,MATCH(68,Itens!$M$2:$M$501,0))),"") | F80: =IFERROR(IF(INDEX(Itens!$I$2:$I$501,MATCH(68,Itens!$M$2:$M$501,0))="","",INDEX(Itens!$I$2:$I$501,MATCH(68,Itens!$M$2:$M$501,0))),"") | G80: =IFERROR(IF(INDEX(Itens!$J$2:$J$501,MATCH(68,Itens!$M$2:$M$501,0))="","",INDEX(Itens!$J$2:$J$501,MATCH(68,Itens!$M$2:$M$501,0))),"") | H80: =IFERROR(IF(INDEX(Itens!$K$2:$K$501,MATCH(68,Itens!$M$2:$M$501,0))="","",INDEX(Itens!$K$2:$K$501,MATCH(68,Itens!$M$2:$M$501,0))),"") | I80: =IFERROR(IF(INDEX(Itens!$L$2:$L$501,MATCH(68,Itens!$M$2:$M$501,0))="","",INDEX(Itens!$L$2:$L$501,MATCH(68,Itens!$M$2:$M$501,0))),"")
A81: =IFERROR(IF(INDEX(Itens!$A$2:$A$501,MATCH(69,Itens!$M$2:$M$501,0))="","",INDEX(Itens!$A$2:$A$501,MATCH(69,Itens!$M$2:$M$501,0))),"") | B81: =IFERROR(IF(INDEX(Itens!$C$2:$C$501,MATCH(69,Itens!$M$2:$M$501,0))="","",INDEX(Itens!$C$2:$C$501,MATCH(69,Itens!$M$2:$M$501,0))),"") | C81: =IFERROR(IF(INDEX(Itens!$E$2:$E$501,MATCH(69,Itens!$M$2:$M$501,0))="","",INDEX(Itens!$E$2:$E$501,MATCH(69,Itens!$M$2:$M$501,0))),"") | D81: =IFERROR(IF(INDEX(Itens!$F$2:$F$501,MATCH(69,Itens!$M$2:$M$501,0))="","",INDEX(Itens!$F$2:$F$501,MATCH(69,Itens!$M$2:$M$501,0))),"") | E81: =IFERROR(IF(INDEX(Itens!$G$2:$G$501,MATCH(69,Itens!$M$2:$M$501,0))="","",INDEX(Itens!$G$2:$G$501,MATCH(69,Itens!$M$2:$M$501,0))),"") | F81: =IFERROR(IF(INDEX(Itens!$I$2:$I$501,MATCH(69,Itens!$M$2:$M$501,0))="","",INDEX(Itens!$I$2:$I$501,MATCH(69,Itens!$M$2:$M$501,0))),"") | G81: =IFERROR(IF(INDEX(Itens!$J$2:$J$501,MATCH(69,Itens!$M$2:$M$501,0))="","",INDEX(Itens!$J$2:$J$501,MATCH(69,Itens!$M$2:$M$501,0))),"") | H81: =IFERROR(IF(INDEX(Itens!$K$2:$K$501,MATCH(69,Itens!$M$2:$M$501,0))="","",INDEX(Itens!$K$2:$K$501,MATCH(69,Itens!$M$2:$M$501,0))),"") | I81: =IFERROR(IF(INDEX(Itens!$L$2:$L$501,MATCH(69,Itens!$M$2:$M$501,0))="","",INDEX(Itens!$L$2:$L$501,MATCH(69,Itens!$M$2:$M$501,0))),"")
A82: =IFERROR(IF(INDEX(Itens!$A$2:$A$501,MATCH(70,Itens!$M$2:$M$501,0))="","",INDEX(Itens!$A$2:$A$501,MATCH(70,Itens!$M$2:$M$501,0))),"") | B82: =IFERROR(IF(INDEX(Itens!$C$2:$C$501,MATCH(70,Itens!$M$2:$M$501,0))="","",INDEX(Itens!$C$2:$C$501,MATCH(70,Itens!$M$2:$M$501,0))),"") | C82: =IFERROR(IF(INDEX(Itens!$E$2:$E$501,MATCH(70,Itens!$M$2:$M$501,0))="","",INDEX(Itens!$E$2:$E$501,MATCH(70,Itens!$M$2:$M$501,0))),"") | D82: =IFERROR(IF(INDEX(Itens!$F$2:$F$501,MATCH(70,Itens!$M$2:$M$501,0))="","",INDEX(Itens!$F$2:$F$501,MATCH(70,Itens!$M$2:$M$501,0))),"") | E82: =IFERROR(IF(INDEX(Itens!$G$2:$G$501,MATCH(70,Itens!$M$2:$M$501,0))="","",INDEX(Itens!$G$2:$G$501,MATCH(70,Itens!$M$2:$M$501,0))),"") | F82: =IFERROR(IF(INDEX(Itens!$I$2:$I$501,MATCH(70,Itens!$M$2:$M$501,0))="","",INDEX(Itens!$I$2:$I$501,MATCH(70,Itens!$M$2:$M$501,0))),"") | G82: =IFERROR(IF(INDEX(Itens!$J$2:$J$501,MATCH(70,Itens!$M$2:$M$501,0))="","",INDEX(Itens!$J$2:$J$501,MATCH(70,Itens!$M$2:$M$501,0))),"") | H82: =IFERROR(IF(INDEX(Itens!$K$2:$K$501,MATCH(70,Itens!$M$2:$M$501,0))="","",INDEX(Itens!$K$2:$K$501,MATCH(70,Itens!$M$2:$M$501,0))),"") | I82: =IFERROR(IF(INDEX(Itens!$L$2:$L$501,MATCH(70,Itens!$M$2:$M$501,0))="","",INDEX(Itens!$L$2:$L$501,MATCH(70,Itens!$M$2:$M$501,0))),"")
A83: =IFERROR(IF(INDEX(Itens!$A$2:$A$501,MATCH(71,Itens!$M$2:$M$501,0))="","",INDEX(Itens!$A$2:$A$501,MATCH(71,Itens!$M$2:$M$501,0))),"") | B83: =IFERROR(IF(INDEX(Itens!$C$2:$C$501,MATCH(71,Itens!$M$2:$M$501,0))="","",INDEX(Itens!$C$2:$C$501,MATCH(71,Itens!$M$2:$M$501,0))),"") | C83: =IFERROR(IF(INDEX(Itens!$E$2:$E$501,MATCH(71,Itens!$M$2:$M$501,0))="","",INDEX(Itens!$E$2:$E$501,MATCH(71,Itens!$M$2:$M$501,0))),"") | D83: =IFERROR(IF(INDEX(Itens!$F$2:$F$501,MATCH(71,Itens!$M$2:$M$501,0))="","",INDEX(Itens!$F$2:$F$501,MATCH(71,Itens!$M$2:$M$501,0))),"") | E83: =IFERROR(IF(INDEX(Itens!$G$2:$G$501,MATCH(71,Itens!$M$2:$M$501,0))="","",INDEX(Itens!$G$2:$G$501,MATCH(71,Itens!$M$2:$M$501,0))),"") | F83: =IFERROR(IF(INDEX(Itens!$I$2:$I$501,MATCH(71,Itens!$M$2:$M$501,0))="","",INDEX(Itens!$I$2:$I$501,MATCH(71,Itens!$M$2:$M$501,0))),"") | G83: =IFERROR(IF(INDEX(Itens!$J$2:$J$501,MATCH(71,Itens!$M$2:$M$501,0))="","",INDEX(Itens!$J$2:$J$501,MATCH(71,Itens!$M$2:$M$501,0))),"") | H83: =IFERROR(IF(INDEX(Itens!$K$2:$K$501,MATCH(71,Itens!$M$2:$M$501,0))="","",INDEX(Itens!$K$2:$K$501,MATCH(71,Itens!$M$2:$M$501,0))),"") | I83: =IFERROR(IF(INDEX(Itens!$L$2:$L$501,MATCH(71,Itens!$M$2:$M$501,0))="","",INDEX(Itens!$L$2:$L$501,MATCH(71,Itens!$M$2:$M$501,0))),"")
A84: =IFERROR(IF(INDEX(Itens!$A$2:$A$501,MATCH(72,Itens!$M$2:$M$501,0))="","",INDEX(Itens!$A$2:$A$501,MATCH(72,Itens!$M$2:$M$501,0))),"") | B84: =IFERROR(IF(INDEX(Itens!$C$2:$C$501,MATCH(72,Itens!$M$2:$M$501,0))="","",INDEX(Itens!$C$2:$C$501,MATCH(72,Itens!$M$2:$M$501,0))),"") | C84: =IFERROR(IF(INDEX(Itens!$E$2:$E$501,MATCH(72,Itens!$M$2:$M$501,0))="","",INDEX(Itens!$E$2:$E$501,MATCH(72,Itens!$M$2:$M$501,0))),"") | D84: =IFERROR(IF(INDEX(Itens!$F$2:$F$501,MATCH(72,Itens!$M$2:$M$501,0))="","",INDEX(Itens!$F$2:$F$501,MATCH(72,Itens!$M$2:$M$501,0))),"") | E84: =IFERROR(IF(INDEX(Itens!$G$2:$G$501,MATCH(72,Itens!$M$2:$M$501,0))="","",INDEX(Itens!$G$2:$G$501,MATCH(72,Itens!$M$2:$M$501,0))),"") | F84: =IFERROR(IF(INDEX(Itens!$I$2:$I$501,MATCH(72,Itens!$M$2:$M$501,0))="","",INDEX(Itens!$I$2:$I$501,MATCH(72,Itens!$M$2:$M$501,0))),"") | G84: =IFERROR(IF(INDEX(Itens!$J$2:$J$501,MATCH(72,Itens!$M$2:$M$501,0))="","",INDEX(Itens!$J$2:$J$501,MATCH(72,Itens!$M$2:$M$501,0))),"") | H84: =IFERROR(IF(INDEX(Itens!$K$2:$K$501,MATCH(72,Itens!$M$2:$M$501,0))="","",INDEX(Itens!$K$2:$K$501,MATCH(72,Itens!$M$2:$M$501,0))),"") | I84: =IFERROR(IF(INDEX(Itens!$L$2:$L$501,MATCH(72,Itens!$M$2:$M$501,0))="","",INDEX(Itens!$L$2:$L$501,MATCH(72,Itens!$M$2:$M$501,0))),"")
A85: =IFERROR(IF(INDEX(Itens!$A$2:$A$501,MATCH(73,Itens!$M$2:$M$501,0))="","",INDEX(Itens!$A$2:$A$501,MATCH(73,Itens!$M$2:$M$501,0))),"") | B85: =IFERROR(IF(INDEX(Itens!$C$2:$C$501,MATCH(73,Itens!$M$2:$M$501,0))="","",INDEX(Itens!$C$2:$C$501,MATCH(73,Itens!$M$2:$M$501,0))),"") | C85: =IFERROR(IF(INDEX(Itens!$E$2:$E$501,MATCH(73,Itens!$M$2:$M$501,0))="","",INDEX(Itens!$E$2:$E$501,MATCH(73,Itens!$M$2:$M$501,0))),"") | D85: =IFERROR(IF(INDEX(Itens!$F$2:$F$501,MATCH(73,Itens!$M$2:$M$501,0))="","",INDEX(Itens!$F$2:$F$501,MATCH(73,Itens!$M$2:$M$501,0))),"") | E85: =IFERROR(IF(INDEX(Itens!$G$2:$G$501,MATCH(73,Itens!$M$2:$M$501,0))="","",INDEX(Itens!$G$2:$G$501,MATCH(73,Itens!$M$2:$M$501,0))),"") | F85: =IFERROR(IF(INDEX(Itens!$I$2:$I$501,MATCH(73,Itens!$M$2:$M$501,0))="","",INDEX(Itens!$I$2:$I$501,MATCH(73,Itens!$M$2:$M$501,0))),"") | G85: =IFERROR(IF(INDEX(Itens!$J$2:$J$501,MATCH(73,Itens!$M$2:$M$501,0))="","",INDEX(Itens!$J$2:$J$501,MATCH(73,Itens!$M$2:$M$501,0))),"") | H85: =IFERROR(IF(INDEX(Itens!$K$2:$K$501,MATCH(73,Itens!$M$2:$M$501,0))="","",INDEX(Itens!$K$2:$K$501,MATCH(73,Itens!$M$2:$M$501,0))),"") | I85: =IFERROR(IF(INDEX(Itens!$L$2:$L$501,MATCH(73,Itens!$M$2:$M$501,0))="","",INDEX(Itens!$L$2:$L$501,MATCH(73,Itens!$M$2:$M$501,0))),"")
A86: =IFERROR(IF(INDEX(Itens!$A$2:$A$501,MATCH(74,Itens!$M$2:$M$501,0))="","",INDEX(Itens!$A$2:$A$501,MATCH(74,Itens!$M$2:$M$501,0))),"") | B86: =IFERROR(IF(INDEX(Itens!$C$2:$C$501,MATCH(74,Itens!$M$2:$M$501,0))="","",INDEX(Itens!$C$2:$C$501,MATCH(74,Itens!$M$2:$M$501,0))),"") | C86: =IFERROR(IF(INDEX(Itens!$E$2:$E$501,MATCH(74,Itens!$M$2:$M$501,0))="","",INDEX(Itens!$E$2:$E$501,MATCH(74,Itens!$M$2:$M$501,0))),"") | D86: =IFERROR(IF(INDEX(Itens!$F$2:$F$501,MATCH(74,Itens!$M$2:$M$501,0))="","",INDEX(Itens!$F$2:$F$501,MATCH(74,Itens!$M$2:$M$501,0))),"") | E86: =IFERROR(IF(INDEX(Itens!$G$2:$G$501,MATCH(74,Itens!$M$2:$M$501,0))="","",INDEX(Itens!$G$2:$G$501,MATCH(74,Itens!$M$2:$M$501,0))),"") | F86: =IFERROR(IF(INDEX(Itens!$I$2:$I$501,MATCH(74,Itens!$M$2:$M$501,0))="","",INDEX(Itens!$I$2:$I$501,MATCH(74,Itens!$M$2:$M$501,0))),"") | G86: =IFERROR(IF(INDEX(Itens!$J$2:$J$501,MATCH(74,Itens!$M$2:$M$501,0))="","",INDEX(Itens!$J$2:$J$501,MATCH(74,Itens!$M$2:$M$501,0))),"") | H86: =IFERROR(IF(INDEX(Itens!$K$2:$K$501,MATCH(74,Itens!$M$2:$M$501,0))="","",INDEX(Itens!$K$2:$K$501,MATCH(74,Itens!$M$2:$M$501,0))),"") | I86: =IFERROR(IF(INDEX(Itens!$L$2:$L$501,MATCH(74,Itens!$M$2:$M$501,0))="","",INDEX(Itens!$L$2:$L$501,MATCH(74,Itens!$M$2:$M$501,0))),"")
A87: =IFERROR(IF(INDEX(Itens!$A$2:$A$501,MATCH(75,Itens!$M$2:$M$501,0))="","",INDEX(Itens!$A$2:$A$501,MATCH(75,Itens!$M$2:$M$501,0))),"") | B87: =IFERROR(IF(INDEX(Itens!$C$2:$C$501,MATCH(75,Itens!$M$2:$M$501,0))="","",INDEX(Itens!$C$2:$C$501,MATCH(75,Itens!$M$2:$M$501,0))),"") | C87: =IFERROR(IF(INDEX(Itens!$E$2:$E$501,MATCH(75,Itens!$M$2:$M$501,0))="","",INDEX(Itens!$E$2:$E$501,MATCH(75,Itens!$M$2:$M$501,0))),"") | D87: =IFERROR(IF(INDEX(Itens!$F$2:$F$501,MATCH(75,Itens!$M$2:$M$501,0))="","",INDEX(Itens!$F$2:$F$501,MATCH(75,Itens!$M$2:$M$501,0))),"") | E87: =IFERROR(IF(INDEX(Itens!$G$2:$G$501,MATCH(75,Itens!$M$2:$M$501,0))="","",INDEX(Itens!$G$2:$G$501,MATCH(75,Itens!$M$2:$M$501,0))),"") | F87: =IFERROR(IF(INDEX(Itens!$I$2:$I$501,MATCH(75,Itens!$M$2:$M$501,0))="","",INDEX(Itens!$I$2:$I$501,MATCH(75,Itens!$M$2:$M$501,0))),"") | G87: =IFERROR(IF(INDEX(Itens!$J$2:$J$501,MATCH(75,Itens!$M$2:$M$501,0))="","",INDEX(Itens!$J$2:$J$501,MATCH(75,Itens!$M$2:$M$501,0))),"") | H87: =IFERROR(IF(INDEX(Itens!$K$2:$K$501,MATCH(75,Itens!$M$2:$M$501,0))="","",INDEX(Itens!$K$2:$K$501,MATCH(75,Itens!$M$2:$M$501,0))),"") | I87: =IFERROR(IF(INDEX(Itens!$L$2:$L$501,MATCH(75,Itens!$M$2:$M$501,0))="","",INDEX(Itens!$L$2:$L$501,MATCH(75,Itens!$M$2:$M$501,0))),"")
A88: =IFERROR(IF(INDEX(Itens!$A$2:$A$501,MATCH(76,Itens!$M$2:$M$501,0))="","",INDEX(Itens!$A$2:$A$501,MATCH(76,Itens!$M$2:$M$501,0))),"") | B88: =IFERROR(IF(INDEX(Itens!$C$2:$C$501,MATCH(76,Itens!$M$2:$M$501,0))="","",INDEX(Itens!$C$2:$C$501,MATCH(76,Itens!$M$2:$M$501,0))),"") | C88: =IFERROR(IF(INDEX(Itens!$E$2:$E$501,MATCH(76,Itens!$M$2:$M$501,0))="","",INDEX(Itens!$E$2:$E$501,MATCH(76,Itens!$M$2:$M$501,0))),"") | D88: =IFERROR(IF(INDEX(Itens!$F$2:$F$501,MATCH(76,Itens!$M$2:$M$501,0))="","",INDEX(Itens!$F$2:$F$501,MATCH(76,Itens!$M$2:$M$501,0))),"") | E88: =IFERROR(IF(INDEX(Itens!$G$2:$G$501,MATCH(76,Itens!$M$2:$M$501,0))="","",INDEX(Itens!$G$2:$G$501,MATCH(76,Itens!$M$2:$M$501,0))),"") | F88: =IFERROR(IF(INDEX(Itens!$I$2:$I$501,MATCH(76,Itens!$M$2:$M$501,0))="","",INDEX(Itens!$I$2:$I$501,MATCH(76,Itens!$M$2:$M$501,0))),"") | G88: =IFERROR(IF(INDEX(Itens!$J$2:$J$501,MATCH(76,Itens!$M$2:$M$501,0))="","",INDEX(Itens!$J$2:$J$501,MATCH(76,Itens!$M$2:$M$501,0))),"") | H88: =IFERROR(IF(INDEX(Itens!$K$2:$K$501,MATCH(76,Itens!$M$2:$M$501,0))="","",INDEX(Itens!$K$2:$K$501,MATCH(76,Itens!$M$2:$M$501,0))),"") | I88: =IFERROR(IF(INDEX(Itens!$L$2:$L$501,MATCH(76,Itens!$M$2:$M$501,0))="","",INDEX(Itens!$L$2:$L$501,MATCH(76,Itens!$M$2:$M$501,0))),"")
A89: =IFERROR(IF(INDEX(Itens!$A$2:$A$501,MATCH(77,Itens!$M$2:$M$501,0))="","",INDEX(Itens!$A$2:$A$501,MATCH(77,Itens!$M$2:$M$501,0))),"") | B89: =IFERROR(IF(INDEX(Itens!$C$2:$C$501,MATCH(77,Itens!$M$2:$M$501,0))="","",INDEX(Itens!$C$2:$C$501,MATCH(77,Itens!$M$2:$M$501,0))),"") | C89: =IFERROR(IF(INDEX(Itens!$E$2:$E$501,MATCH(77,Itens!$M$2:$M$501,0))="","",INDEX(Itens!$E$2:$E$501,MATCH(77,Itens!$M$2:$M$501,0))),"") | D89: =IFERROR(IF(INDEX(Itens!$F$2:$F$501,MATCH(77,Itens!$M$2:$M$501,0))="","",INDEX(Itens!$F$2:$F$501,MATCH(77,Itens!$M$2:$M$501,0))),"") | E89: =IFERROR(IF(INDEX(Itens!$G$2:$G$501,MATCH(77,Itens!$M$2:$M$501,0))="","",INDEX(Itens!$G$2:$G$501,MATCH(77,Itens!$M$2:$M$501,0))),"") | F89: =IFERROR(IF(INDEX(Itens!$I$2:$I$501,MATCH(77,Itens!$M$2:$M$501,0))="","",INDEX(Itens!$I$2:$I$501,MATCH(77,Itens!$M$2:$M$501,0))),"") | G89: =IFERROR(IF(INDEX(Itens!$J$2:$J$501,MATCH(77,Itens!$M$2:$M$501,0))="","",INDEX(Itens!$J$2:$J$501,MATCH(77,Itens!$M$2:$M$501,0))),"") | H89: =IFERROR(IF(INDEX(Itens!$K$2:$K$501,MATCH(77,Itens!$M$2:$M$501,0))="","",INDEX(Itens!$K$2:$K$501,MATCH(77,Itens!$M$2:$M$501,0))),"") | I89: =IFERROR(IF(INDEX(Itens!$L$2:$L$501,MATCH(77,Itens!$M$2:$M$501,0))="","",INDEX(Itens!$L$2:$L$501,MATCH(77,Itens!$M$2:$M$501,0))),"")
A90: =IFERROR(IF(INDEX(Itens!$A$2:$A$501,MATCH(78,Itens!$M$2:$M$501,0))="","",INDEX(Itens!$A$2:$A$501,MATCH(78,Itens!$M$2:$M$501,0))),"") | B90: =IFERROR(IF(INDEX(Itens!$C$2:$C$501,MATCH(78,Itens!$M$2:$M$501,0))="","",INDEX(Itens!$C$2:$C$501,MATCH(78,Itens!$M$2:$M$501,0))),"") | C90: =IFERROR(IF(INDEX(Itens!$E$2:$E$501,MATCH(78,Itens!$M$2:$M$501,0))="","",INDEX(Itens!$E$2:$E$501,MATCH(78,Itens!$M$2:$M$501,0))),"") | D90: =IFERROR(IF(INDEX(Itens!$F$2:$F$501,MATCH(78,Itens!$M$2:$M$501,0))="","",INDEX(Itens!$F$2:$F$501,MATCH(78,Itens!$M$2:$M$501,0))),"") | E90: =IFERROR(IF(INDEX(Itens!$G$2:$G$501,MATCH(78,Itens!$M$2:$M$501,0))="","",INDEX(Itens!$G$2:$G$501,MATCH(78,Itens!$M$2:$M$501,0))),"") | F90: =IFERROR(IF(INDEX(Itens!$I$2:$I$501,MATCH(78,Itens!$M$2:$M$501,0))="","",INDEX(Itens!$I$2:$I$501,MATCH(78,Itens!$M$2:$M$501,0))),"") | G90: =IFERROR(IF(INDEX(Itens!$J$2:$J$501,MATCH(78,Itens!$M$2:$M$501,0))="","",INDEX(Itens!$J$2:$J$501,MATCH(78,Itens!$M$2:$M$501,0))),"") | H90: =IFERROR(IF(INDEX(Itens!$K$2:$K$501,MATCH(78,Itens!$M$2:$M$501,0))="","",INDEX(Itens!$K$2:$K$501,MATCH(78,Itens!$M$2:$M$501,0))),"") | I90: =IFERROR(IF(INDEX(Itens!$L$2:$L$501,MATCH(78,Itens!$M$2:$M$501,0))="","",INDEX(Itens!$L$2:$L$501,MATCH(78,Itens!$M$2:$M$501,0))),"")
A91: =IFERROR(IF(INDEX(Itens!$A$2:$A$501,MATCH(79,Itens!$M$2:$M$501,0))="","",INDEX(Itens!$A$2:$A$501,MATCH(79,Itens!$M$2:$M$501,0))),"") | B91: =IFERROR(IF(INDEX(Itens!$C$2:$C$501,MATCH(79,Itens!$M$2:$M$501,0))="","",INDEX(Itens!$C$2:$C$501,MATCH(79,Itens!$M$2:$M$501,0))),"") | C91: =IFERROR(IF(INDEX(Itens!$E$2:$E$501,MATCH(79,Itens!$M$2:$M$501,0))="","",INDEX(Itens!$E$2:$E$501,MATCH(79,Itens!$M$2:$M$501,0))),"") | D91: =IFERROR(IF(INDEX(Itens!$F$2:$F$501,MATCH(79,Itens!$M$2:$M$501,0))="","",INDEX(Itens!$F$2:$F$501,MATCH(79,Itens!$M$2:$M$501,0))),"") | E91: =IFERROR(IF(INDEX(Itens!$G$2:$G$501,MATCH(79,Itens!$M$2:$M$501,0))="","",INDEX(Itens!$G$2:$G$501,MATCH(79,Itens!$M$2:$M$501,0))),"") | F91: =IFERROR(IF(INDEX(Itens!$I$2:$I$501,MATCH(79,Itens!$M$2:$M$501,0))="","",INDEX(Itens!$I$2:$I$501,MATCH(79,Itens!$M$2:$M$501,0))),"") | G91: =IFERROR(IF(INDEX(Itens!$J$2:$J$501,MATCH(79,Itens!$M$2:$M$501,0))="","",INDEX(Itens!$J$2:$J$501,MATCH(79,Itens!$M$2:$M$501,0))),"") | H91: =IFERROR(IF(INDEX(Itens!$K$2:$K$501,MATCH(79,Itens!$M$2:$M$501,0))="","",INDEX(Itens!$K$2:$K$501,MATCH(79,Itens!$M$2:$M$501,0))),"") | I91: =IFERROR(IF(INDEX(Itens!$L$2:$L$501,MATCH(79,Itens!$M$2:$M$501,0))="","",INDEX(Itens!$L$2:$L$501,MATCH(79,Itens!$M$2:$M$501,0))),"")
A92: =IFERROR(IF(INDEX(Itens!$A$2:$A$501,MATCH(80,Itens!$M$2:$M$501,0))="","",INDEX(Itens!$A$2:$A$501,MATCH(80,Itens!$M$2:$M$501,0))),"") | B92: =IFERROR(IF(INDEX(Itens!$C$2:$C$501,MATCH(80,Itens!$M$2:$M$501,0))="","",INDEX(Itens!$C$2:$C$501,MATCH(80,Itens!$M$2:$M$501,0))),"") | C92: =IFERROR(IF(INDEX(Itens!$E$2:$E$501,MATCH(80,Itens!$M$2:$M$501,0))="","",INDEX(Itens!$E$2:$E$501,MATCH(80,Itens!$M$2:$M$501,0))),"") | D92: =IFERROR(IF(INDEX(Itens!$F$2:$F$501,MATCH(80,Itens!$M$2:$M$501,0))="","",INDEX(Itens!$F$2:$F$501,MATCH(80,Itens!$M$2:$M$501,0))),"") | E92: =IFERROR(IF(INDEX(Itens!$G$2:$G$501,MATCH(80,Itens!$M$2:$M$501,0))="","",INDEX(Itens!$G$2:$G$501,MATCH(80,Itens!$M$2:$M$501,0))),"") | F92: =IFERROR(IF(INDEX(Itens!$I$2:$I$501,MATCH(80,Itens!$M$2:$M$501,0))="","",INDEX(Itens!$I$2:$I$501,MATCH(80,Itens!$M$2:$M$501,0))),"") | G92: =IFERROR(IF(INDEX(Itens!$J$2:$J$501,MATCH(80,Itens!$M$2:$M$501,0))="","",INDEX(Itens!$J$2:$J$501,MATCH(80,Itens!$M$2:$M$501,0))),"") | H92: =IFERROR(IF(INDEX(Itens!$K$2:$K$501,MATCH(80,Itens!$M$2:$M$501,0))="","",INDEX(Itens!$K$2:$K$501,MATCH(80,Itens!$M$2:$M$501,0))),"") | I92: =IFERROR(IF(INDEX(Itens!$L$2:$L$501,MATCH(80,Itens!$M$2:$M$501,0))="","",INDEX(Itens!$L$2:$L$501,MATCH(80,Itens!$M$2:$M$501,0))),"")
A93: =IFERROR(IF(INDEX(Itens!$A$2:$A$501,MATCH(81,Itens!$M$2:$M$501,0))="","",INDEX(Itens!$A$2:$A$501,MATCH(81,Itens!$M$2:$M$501,0))),"") | B93: =IFERROR(IF(INDEX(Itens!$C$2:$C$501,MATCH(81,Itens!$M$2:$M$501,0))="","",INDEX(Itens!$C$2:$C$501,MATCH(81,Itens!$M$2:$M$501,0))),"") | C93: =IFERROR(IF(INDEX(Itens!$E$2:$E$501,MATCH(81,Itens!$M$2:$M$501,0))="","",INDEX(Itens!$E$2:$E$501,MATCH(81,Itens!$M$2:$M$501,0))),"") | D93: =IFERROR(IF(INDEX(Itens!$F$2:$F$501,MATCH(81,Itens!$M$2:$M$501,0))="","",INDEX(Itens!$F$2:$F$501,MATCH(81,Itens!$M$2:$M$501,0))),"") | E93: =IFERROR(IF(INDEX(Itens!$G$2:$G$501,MATCH(81,Itens!$M$2:$M$501,0))="","",INDEX(Itens!$G$2:$G$501,MATCH(81,Itens!$M$2:$M$501,0))),"") | F93: =IFERROR(IF(INDEX(Itens!$I$2:$I$501,MATCH(81,Itens!$M$2:$M$501,0))="","",INDEX(Itens!$I$2:$I$501,MATCH(81,Itens!$M$2:$M$501,0))),"") | G93: =IFERROR(IF(INDEX(Itens!$J$2:$J$501,MATCH(81,Itens!$M$2:$M$501,0))="","",INDEX(Itens!$J$2:$J$501,MATCH(81,Itens!$M$2:$M$501,0))),"") | H93: =IFERROR(IF(INDEX(Itens!$K$2:$K$501,MATCH(81,Itens!$M$2:$M$501,0))="","",INDEX(Itens!$K$2:$K$501,MATCH(81,Itens!$M$2:$M$501,0))),"") | I93: =IFERROR(IF(INDEX(Itens!$L$2:$L$501,MATCH(81,Itens!$M$2:$M$501,0))="","",INDEX(Itens!$L$2:$L$501,MATCH(81,Itens!$M$2:$M$501,0))),"")
A94: =IFERROR(IF(INDEX(Itens!$A$2:$A$501,MATCH(82,Itens!$M$2:$M$501,0))="","",INDEX(Itens!$A$2:$A$501,MATCH(82,Itens!$M$2:$M$501,0))),"") | B94: =IFERROR(IF(INDEX(Itens!$C$2:$C$501,MATCH(82,Itens!$M$2:$M$501,0))="","",INDEX(Itens!$C$2:$C$501,MATCH(82,Itens!$M$2:$M$501,0))),"") | C94: =IFERROR(IF(INDEX(Itens!$E$2:$E$501,MATCH(82,Itens!$M$2:$M$501,0))="","",INDEX(Itens!$E$2:$E$501,MATCH(82,Itens!$M$2:$M$501,0))),"") | D94: =IFERROR(IF(INDEX(Itens!$F$2:$F$501,MATCH(82,Itens!$M$2:$M$501,0))="","",INDEX(Itens!$F$2:$F$501,MATCH(82,Itens!$M$2:$M$501,0))),"") | E94: =IFERROR(IF(INDEX(Itens!$G$2:$G$501,MATCH(82,Itens!$M$2:$M$501,0))="","",INDEX(Itens!$G$2:$G$501,MATCH(82,Itens!$M$2:$M$501,0))),"") | F94: =IFERROR(IF(INDEX(Itens!$I$2:$I$501,MATCH(82,Itens!$M$2:$M$501,0))="","",INDEX(Itens!$I$2:$I$501,MATCH(82,Itens!$M$2:$M$501,0))),"") | G94: =IFERROR(IF(INDEX(Itens!$J$2:$J$501,MATCH(82,Itens!$M$2:$M$501,0))="","",INDEX(Itens!$J$2:$J$501,MATCH(82,Itens!$M$2:$M$501,0))),"") | H94: =IFERROR(IF(INDEX(Itens!$K$2:$K$501,MATCH(82,Itens!$M$2:$M$501,0))="","",INDEX(Itens!$K$2:$K$501,MATCH(82,Itens!$M$2:$M$501,0))),"") | I94: =IFERROR(IF(INDEX(Itens!$L$2:$L$501,MATCH(82,Itens!$M$2:$M$501,0))="","",INDEX(Itens!$L$2:$L$501,MATCH(82,Itens!$M$2:$M$501,0))),"")
A95: =IFERROR(IF(INDEX(Itens!$A$2:$A$501,MATCH(83,Itens!$M$2:$M$501,0))="","",INDEX(Itens!$A$2:$A$501,MATCH(83,Itens!$M$2:$M$501,0))),"") | B95: =IFERROR(IF(INDEX(Itens!$C$2:$C$501,MATCH(83,Itens!$M$2:$M$501,0))="","",INDEX(Itens!$C$2:$C$501,MATCH(83,Itens!$M$2:$M$501,0))),"") | C95: =IFERROR(IF(INDEX(Itens!$E$2:$E$501,MATCH(83,Itens!$M$2:$M$501,0))="","",INDEX(Itens!$E$2:$E$501,MATCH(83,Itens!$M$2:$M$501,0))),"") | D95: =IFERROR(IF(INDEX(Itens!$F$2:$F$501,MATCH(83,Itens!$M$2:$M$501,0))="","",INDEX(Itens!$F$2:$F$501,MATCH(83,Itens!$M$2:$M$501,0))),"") | E95: =IFERROR(IF(INDEX(Itens!$G$2:$G$501,MATCH(83,Itens!$M$2:$M$501,0))="","",INDEX(Itens!$G$2:$G$501,MATCH(83,Itens!$M$2:$M$501,0))),"") | F95: =IFERROR(IF(INDEX(Itens!$I$2:$I$501,MATCH(83,Itens!$M$2:$M$501,0))="","",INDEX(Itens!$I$2:$I$501,MATCH(83,Itens!$M$2:$M$501,0))),"") | G95: =IFERROR(IF(INDEX(Itens!$J$2:$J$501,MATCH(83,Itens!$M$2:$M$501,0))="","",INDEX(Itens!$J$2:$J$501,MATCH(83,Itens!$M$2:$M$501,0))),"") | H95: =IFERROR(IF(INDEX(Itens!$K$2:$K$501,MATCH(83,Itens!$M$2:$M$501,0))="","",INDEX(Itens!$K$2:$K$501,MATCH(83,Itens!$M$2:$M$501,0))),"") | I95: =IFERROR(IF(INDEX(Itens!$L$2:$L$501,MATCH(83,Itens!$M$2:$M$501,0))="","",INDEX(Itens!$L$2:$L$501,MATCH(83,Itens!$M$2:$M$501,0))),"")
A96: =IFERROR(IF(INDEX(Itens!$A$2:$A$501,MATCH(84,Itens!$M$2:$M$501,0))="","",INDEX(Itens!$A$2:$A$501,MATCH(84,Itens!$M$2:$M$501,0))),"") | B96: =IFERROR(IF(INDEX(Itens!$C$2:$C$501,MATCH(84,Itens!$M$2:$M$501,0))="","",INDEX(Itens!$C$2:$C$501,MATCH(84,Itens!$M$2:$M$501,0))),"") | C96: =IFERROR(IF(INDEX(Itens!$E$2:$E$501,MATCH(84,Itens!$M$2:$M$501,0))="","",INDEX(Itens!$E$2:$E$501,MATCH(84,Itens!$M$2:$M$501,0))),"") | D96: =IFERROR(IF(INDEX(Itens!$F$2:$F$501,MATCH(84,Itens!$M$2:$M$501,0))="","",INDEX(Itens!$F$2:$F$501,MATCH(84,Itens!$M$2:$M$501,0))),"") | E96: =IFERROR(IF(INDEX(Itens!$G$2:$G$501,MATCH(84,Itens!$M$2:$M$501,0))="","",INDEX(Itens!$G$2:$G$501,MATCH(84,Itens!$M$2:$M$501,0))),"") | F96: =IFERROR(IF(INDEX(Itens!$I$2:$I$501,MATCH(84,Itens!$M$2:$M$501,0))="","",INDEX(Itens!$I$2:$I$501,MATCH(84,Itens!$M$2:$M$501,0))),"") | G96: =IFERROR(IF(INDEX(Itens!$J$2:$J$501,MATCH(84,Itens!$M$2:$M$501,0))="","",INDEX(Itens!$J$2:$J$501,MATCH(84,Itens!$M$2:$M$501,0))),"") | H96: =IFERROR(IF(INDEX(Itens!$K$2:$K$501,MATCH(84,Itens!$M$2:$M$501,0))="","",INDEX(Itens!$K$2:$K$501,MATCH(84,Itens!$M$2:$M$501,0))),"") | I96: =IFERROR(IF(INDEX(Itens!$L$2:$L$501,MATCH(84,Itens!$M$2:$M$501,0))="","",INDEX(Itens!$L$2:$L$501,MATCH(84,Itens!$M$2:$M$501,0))),"")
A97: =IFERROR(IF(INDEX(Itens!$A$2:$A$501,MATCH(85,Itens!$M$2:$M$501,0))="","",INDEX(Itens!$A$2:$A$501,MATCH(85,Itens!$M$2:$M$501,0))),"") | B97: =IFERROR(IF(INDEX(Itens!$C$2:$C$501,MATCH(85,Itens!$M$2:$M$501,0))="","",INDEX(Itens!$C$2:$C$501,MATCH(85,Itens!$M$2:$M$501,0))),"") | C97: =IFERROR(IF(INDEX(Itens!$E$2:$E$501,MATCH(85,Itens!$M$2:$M$501,0))="","",INDEX(Itens!$E$2:$E$501,MATCH(85,Itens!$M$2:$M$501,0))),"") | D97: =IFERROR(IF(INDEX(Itens!$F$2:$F$501,MATCH(85,Itens!$M$2:$M$501,0))="","",INDEX(Itens!$F$2:$F$501,MATCH(85,Itens!$M$2:$M$501,0))),"") | E97: =IFERROR(IF(INDEX(Itens!$G$2:$G$501,MATCH(85,Itens!$M$2:$M$501,0))="","",INDEX(Itens!$G$2:$G$501,MATCH(85,Itens!$M$2:$M$501,0))),"") | F97: =IFERROR(IF(INDEX(Itens!$I$2:$I$501,MATCH(85,Itens!$M$2:$M$501,0))="","",INDEX(Itens!$I$2:$I$501,MATCH(85,Itens!$M$2:$M$501,0))),"") | G97: =IFERROR(IF(INDEX(Itens!$J$2:$J$501,MATCH(85,Itens!$M$2:$M$501,0))="","",INDEX(Itens!$J$2:$J$501,MATCH(85,Itens!$M$2:$M$501,0))),"") | H97: =IFERROR(IF(INDEX(Itens!$K$2:$K$501,MATCH(85,Itens!$M$2:$M$501,0))="","",INDEX(Itens!$K$2:$K$501,MATCH(85,Itens!$M$2:$M$501,0))),"") | I97: =IFERROR(IF(INDEX(Itens!$L$2:$L$501,MATCH(85,Itens!$M$2:$M$501,0))="","",INDEX(Itens!$L$2:$L$501,MATCH(85,Itens!$M$2:$M$501,0))),"")
A98: =IFERROR(IF(INDEX(Itens!$A$2:$A$501,MATCH(86,Itens!$M$2:$M$501,0))="","",INDEX(Itens!$A$2:$A$501,MATCH(86,Itens!$M$2:$M$501,0))),"") | B98: =IFERROR(IF(INDEX(Itens!$C$2:$C$501,MATCH(86,Itens!$M$2:$M$501,0))="","",INDEX(Itens!$C$2:$C$501,MATCH(86,Itens!$M$2:$M$501,0))),"") | C98: =IFERROR(IF(INDEX(Itens!$E$2:$E$501,MATCH(86,Itens!$M$2:$M$501,0))="","",INDEX(Itens!$E$2:$E$501,MATCH(86,Itens!$M$2:$M$501,0))),"") | D98: =IFERROR(IF(INDEX(Itens!$F$2:$F$501,MATCH(86,Itens!$M$2:$M$501,0))="","",INDEX(Itens!$F$2:$F$501,MATCH(86,Itens!$M$2:$M$501,0))),"") | E98: =IFERROR(IF(INDEX(Itens!$G$2:$G$501,MATCH(86,Itens!$M$2:$M$501,0))="","",INDEX(Itens!$G$2:$G$501,MATCH(86,Itens!$M$2:$M$501,0))),"") | F98: =IFERROR(IF(INDEX(Itens!$I$2:$I$501,MATCH(86,Itens!$M$2:$M$501,0))="","",INDEX(Itens!$I$2:$I$501,MATCH(86,Itens!$M$2:$M$501,0))),"") | G98: =IFERROR(IF(INDEX(Itens!$J$2:$J$501,MATCH(86,Itens!$M$2:$M$501,0))="","",INDEX(Itens!$J$2:$J$501,MATCH(86,Itens!$M$2:$M$501,0))),"") | H98: =IFERROR(IF(INDEX(Itens!$K$2:$K$501,MATCH(86,Itens!$M$2:$M$501,0))="","",INDEX(Itens!$K$2:$K$501,MATCH(86,Itens!$M$2:$M$501,0))),"") | I98: =IFERROR(IF(INDEX(Itens!$L$2:$L$501,MATCH(86,Itens!$M$2:$M$501,0))="","",INDEX(Itens!$L$2:$L$501,MATCH(86,Itens!$M$2:$M$501,0))),"")
A99: =IFERROR(IF(INDEX(Itens!$A$2:$A$501,MATCH(87,Itens!$M$2:$M$501,0))="","",INDEX(Itens!$A$2:$A$501,MATCH(87,Itens!$M$2:$M$501,0))),"") | B99: =IFERROR(IF(INDEX(Itens!$C$2:$C$501,MATCH(87,Itens!$M$2:$M$501,0))="","",INDEX(Itens!$C$2:$C$501,MATCH(87,Itens!$M$2:$M$501,0))),"") | C99: =IFERROR(IF(INDEX(Itens!$E$2:$E$501,MATCH(87,Itens!$M$2:$M$501,0))="","",INDEX(Itens!$E$2:$E$501,MATCH(87,Itens!$M$2:$M$501,0))),"") | D99: =IFERROR(IF(INDEX(Itens!$F$2:$F$501,MATCH(87,Itens!$M$2:$M$501,0))="","",INDEX(Itens!$F$2:$F$501,MATCH(87,Itens!$M$2:$M$501,0))),"") | E99: =IFERROR(IF(INDEX(Itens!$G$2:$G$501,MATCH(87,Itens!$M$2:$M$501,0))="","",INDEX(Itens!$G$2:$G$501,MATCH(87,Itens!$M$2:$M$501,0))),"") | F99: =IFERROR(IF(INDEX(Itens!$I$2:$I$501,MATCH(87,Itens!$M$2:$M$501,0))="","",INDEX(Itens!$I$2:$I$501,MATCH(87,Itens!$M$2:$M$501,0))),"") | G99: =IFERROR(IF(INDEX(Itens!$J$2:$J$501,MATCH(87,Itens!$M$2:$M$501,0))="","",INDEX(Itens!$J$2:$J$501,MATCH(87,Itens!$M$2:$M$501,0))),"") | H99: =IFERROR(IF(INDEX(Itens!$K$2:$K$501,MATCH(87,Itens!$M$2:$M$501,0))="","",INDEX(Itens!$K$2:$K$501,MATCH(87,Itens!$M$2:$M$501,0))),"") | I99: =IFERROR(IF(INDEX(Itens!$L$2:$L$501,MATCH(87,Itens!$M$2:$M$501,0))="","",INDEX(Itens!$L$2:$L$501,MATCH(87,Itens!$M$2:$M$501,0))),"")
A100: =IFERROR(IF(INDEX(Itens!$A$2:$A$501,MATCH(88,Itens!$M$2:$M$501,0))="","",INDEX(Itens!$A$2:$A$501,MATCH(88,Itens!$M$2:$M$501,0))),"") | B100: =IFERROR(IF(INDEX(Itens!$C$2:$C$501,MATCH(88,Itens!$M$2:$M$501,0))="","",INDEX(Itens!$C$2:$C$501,MATCH(88,Itens!$M$2:$M$501,0))),"") | C100: =IFERROR(IF(INDEX(Itens!$E$2:$E$501,MATCH(88,Itens!$M$2:$M$501,0))="","",INDEX(Itens!$E$2:$E$501,MATCH(88,Itens!$M$2:$M$501,0))),"") | D100: =IFERROR(IF(INDEX(Itens!$F$2:$F$501,MATCH(88,Itens!$M$2:$M$501,0))="","",INDEX(Itens!$F$2:$F$501,MATCH(88,Itens!$M$2:$M$501,0))),"") | E100: =IFERROR(IF(INDEX(Itens!$G$2:$G$501,MATCH(88,Itens!$M$2:$M$501,0))="","",INDEX(Itens!$G$2:$G$501,MATCH(88,Itens!$M$2:$M$501,0))),"") | F100: =IFERROR(IF(INDEX(Itens!$I$2:$I$501,MATCH(88,Itens!$M$2:$M$501,0))="","",INDEX(Itens!$I$2:$I$501,MATCH(88,Itens!$M$2:$M$501,0))),"") | G100: =IFERROR(IF(INDEX(Itens!$J$2:$J$501,MATCH(88,Itens!$M$2:$M$501,0))="","",INDEX(Itens!$J$2:$J$501,MATCH(88,Itens!$M$2:$M$501,0))),"") | H100: =IFERROR(IF(INDEX(Itens!$K$2:$K$501,MATCH(88,Itens!$M$2:$M$501,0))="","",INDEX(Itens!$K$2:$K$501,MATCH(88,Itens!$M$2:$M$501,0))),"") | I100: =IFERROR(IF(INDEX(Itens!$L$2:$L$501,MATCH(88,Itens!$M$2:$M$501,0))="","",INDEX(Itens!$L$2:$L$501,MATCH(88,Itens!$M$2:$M$501,0))),"")
A101: =IFERROR(IF(INDEX(Itens!$A$2:$A$501,MATCH(89,Itens!$M$2:$M$501,0))="","",INDEX(Itens!$A$2:$A$501,MATCH(89,Itens!$M$2:$M$501,0))),"") | B101: =IFERROR(IF(INDEX(Itens!$C$2:$C$501,MATCH(89,Itens!$M$2:$M$501,0))="","",INDEX(Itens!$C$2:$C$501,MATCH(89,Itens!$M$2:$M$501,0))),"") | C101: =IFERROR(IF(INDEX(Itens!$E$2:$E$501,MATCH(89,Itens!$M$2:$M$501,0))="","",INDEX(Itens!$E$2:$E$501,MATCH(89,Itens!$M$2:$M$501,0))),"") | D101: =IFERROR(IF(INDEX(Itens!$F$2:$F$501,MATCH(89,Itens!$M$2:$M$501,0))="","",INDEX(Itens!$F$2:$F$501,MATCH(89,Itens!$M$2:$M$501,0))),"") | E101: =IFERROR(IF(INDEX(Itens!$G$2:$G$501,MATCH(89,Itens!$M$2:$M$501,0))="","",INDEX(Itens!$G$2:$G$501,MATCH(89,Itens!$M$2:$M$501,0))),"") | F101: =IFERROR(IF(INDEX(Itens!$I$2:$I$501,MATCH(89,Itens!$M$2:$M$501,0))="","",INDEX(Itens!$I$2:$I$501,MATCH(89,Itens!$M$2:$M$501,0))),"") | G101: =IFERROR(IF(INDEX(Itens!$J$2:$J$501,MATCH(89,Itens!$M$2:$M$501,0))="","",INDEX(Itens!$J$2:$J$501,MATCH(89,Itens!$M$2:$M$501,0))),"") | H101: =IFERROR(IF(INDEX(Itens!$K$2:$K$501,MATCH(89,Itens!$M$2:$M$501,0))="","",INDEX(Itens!$K$2:$K$501,MATCH(89,Itens!$M$2:$M$501,0))),"") | I101: =IFERROR(IF(INDEX(Itens!$L$2:$L$501,MATCH(89,Itens!$M$2:$M$501,0))="","",INDEX(Itens!$L$2:$L$501,MATCH(89,Itens!$M$2:$M$501,0))),"")
A102: =IFERROR(IF(INDEX(Itens!$A$2:$A$501,MATCH(90,Itens!$M$2:$M$501,0))="","",INDEX(Itens!$A$2:$A$501,MATCH(90,Itens!$M$2:$M$501,0))),"") | B102: =IFERROR(IF(INDEX(Itens!$C$2:$C$501,MATCH(90,Itens!$M$2:$M$501,0))="","",INDEX(Itens!$C$2:$C$501,MATCH(90,Itens!$M$2:$M$501,0))),"") | C102: =IFERROR(IF(INDEX(Itens!$E$2:$E$501,MATCH(90,Itens!$M$2:$M$501,0))="","",INDEX(Itens!$E$2:$E$501,MATCH(90,Itens!$M$2:$M$501,0))),"") | D102: =IFERROR(IF(INDEX(Itens!$F$2:$F$501,MATCH(90,Itens!$M$2:$M$501,0))="","",INDEX(Itens!$F$2:$F$501,MATCH(90,Itens!$M$2:$M$501,0))),"") | E102: =IFERROR(IF(INDEX(Itens!$G$2:$G$501,MATCH(90,Itens!$M$2:$M$501,0))="","",INDEX(Itens!$G$2:$G$501,MATCH(90,Itens!$M$2:$M$501,0))),"") | F102: =IFERROR(IF(INDEX(Itens!$I$2:$I$501,MATCH(90,Itens!$M$2:$M$501,0))="","",INDEX(Itens!$I$2:$I$501,MATCH(90,Itens!$M$2:$M$501,0))),"") | G102: =IFERROR(IF(INDEX(Itens!$J$2:$J$501,MATCH(90,Itens!$M$2:$M$501,0))="","",INDEX(Itens!$J$2:$J$501,MATCH(90,Itens!$M$2:$M$501,0))),"") | H102: =IFERROR(IF(INDEX(Itens!$K$2:$K$501,MATCH(90,Itens!$M$2:$M$501,0))="","",INDEX(Itens!$K$2:$K$501,MATCH(90,Itens!$M$2:$M$501,0))),"") | I102: =IFERROR(IF(INDEX(Itens!$L$2:$L$501,MATCH(90,Itens!$M$2:$M$501,0))="","",INDEX(Itens!$L$2:$L$501,MATCH(90,Itens!$M$2:$M$501,0))),"")
A103: =IFERROR(IF(INDEX(Itens!$A$2:$A$501,MATCH(91,Itens!$M$2:$M$501,0))="","",INDEX(Itens!$A$2:$A$501,MATCH(91,Itens!$M$2:$M$501,0))),"") | B103: =IFERROR(IF(INDEX(Itens!$C$2:$C$501,MATCH(91,Itens!$M$2:$M$501,0))="","",INDEX(Itens!$C$2:$C$501,MATCH(91,Itens!$M$2:$M$501,0))),"") | C103: =IFERROR(IF(INDEX(Itens!$E$2:$E$501,MATCH(91,Itens!$M$2:$M$501,0))="","",INDEX(Itens!$E$2:$E$501,MATCH(91,Itens!$M$2:$M$501,0))),"") | D103: =IFERROR(IF(INDEX(Itens!$F$2:$F$501,MATCH(91,Itens!$M$2:$M$501,0))="","",INDEX(Itens!$F$2:$F$501,MATCH(91,Itens!$M$2:$M$501,0))),"") | E103: =IFERROR(IF(INDEX(Itens!$G$2:$G$501,MATCH(91,Itens!$M$2:$M$501,0))="","",INDEX(Itens!$G$2:$G$501,MATCH(91,Itens!$M$2:$M$501,0))),"") | F103: =IFERROR(IF(INDEX(Itens!$I$2:$I$501,MATCH(91,Itens!$M$2:$M$501,0))="","",INDEX(Itens!$I$2:$I$501,MATCH(91,Itens!$M$2:$M$501,0))),"") | G103: =IFERROR(IF(INDEX(Itens!$J$2:$J$501,MATCH(91,Itens!$M$2:$M$501,0))="","",INDEX(Itens!$J$2:$J$501,MATCH(91,Itens!$M$2:$M$501,0))),"") | H103: =IFERROR(IF(INDEX(Itens!$K$2:$K$501,MATCH(91,Itens!$M$2:$M$501,0))="","",INDEX(Itens!$K$2:$K$501,MATCH(91,Itens!$M$2:$M$501,0))),"") | I103: =IFERROR(IF(INDEX(Itens!$L$2:$L$501,MATCH(91,Itens!$M$2:$M$501,0))="","",INDEX(Itens!$L$2:$L$501,MATCH(91,Itens!$M$2:$M$501,0))),"")
...

Sheet Catálogo
A1: Código | B1: Documento padrão | C1: Área | D1: Responsável | E1: Base legal | F1: Nº de notificações que pediram | G1: Nº total de itens | H1: Pendentes / a confirmar | I1: _chave ranking
A2: PGR | B2: PGR – inventário de riscos e plano de ação (por estabelecimento) | C2: SST | D2: Assessoria SST | E2: NR-01 | F2: =SUMIFS(Itens!$H:$H,Itens!$D:$D,A2) | G2: =COUNTIF(Itens!$D:$D,A2) | H2: =COUNTIFS(Itens!$D:$D,A2,Itens!$I:$I,"Pendente")+COUNTIFS(Itens!$D:$D,A2,Itens!$I:$I,"Em andamento")+COUNTIFS(Itens!$D:$D,A2,Itens!$I:$I,"A confirmar") | I2: =F2+G2/1000+(1000-ROW())/1000000
A3: PCMSO | B3: PCMSO + relatório analítico | C3: SST | D3: Assessoria SST | E3: NR-07 | F3: =SUMIFS(Itens!$H:$H,Itens!$D:$D,A3) | G3: =COUNTIF(Itens!$D:$D,A3) | H3: =COUNTIFS(Itens!$D:$D,A3,Itens!$I:$I,"Pendente")+COUNTIFS(Itens!$D:$D,A3,Itens!$I:$I,"Em andamento")+COUNTIFS(Itens!$D:$D,A3,Itens!$I:$I,"A confirmar") | I3: =F3+G3/1000+(1000-ROW())/1000000
A4: ASO | B4: ASOs (admissional, periódico, retorno, mudança de risco, demissional) | C4: SST | D4: Assessoria SST | E4: NR-07 | F4: =SUMIFS(Itens!$H:$H,Itens!$D:$D,A4) | G4: =COUNTIF(Itens!$D:$D,A4) | H4: =COUNTIFS(Itens!$D:$D,A4,Itens!$I:$I,"Pendente")+COUNTIFS(Itens!$D:$D,A4,Itens!$I:$I,"Em andamento")+COUNTIFS(Itens!$D:$D,A4,Itens!$I:$I,"A confirmar") | I4: =F4+G4/1000+(1000-ROW())/1000000
A5: EPI | B5: Fichas de entrega de EPI com CA válido (e comprovante de compra) | C5: SST | D5: Compartilhado (Empresa + SST) | E5: NR-06 | F5: =SUMIFS(Itens!$H:$H,Itens!$D:$D,A5) | G5: =COUNTIF(Itens!$D:$D,A5) | H5: =COUNTIFS(Itens!$D:$D,A5,Itens!$I:$I,"Pendente")+COUNTIFS(Itens!$D:$D,A5,Itens!$I:$I,"Em andamento")+COUNTIFS(Itens!$D:$D,A5,Itens!$I:$I,"A confirmar") | I5: =F5+G5/1000+(1000-ROW())/1000000
A6: CIPA | B6: CIPA – edital, eleição, posse, calendário, atas e treinamento | C6: SST | D6: Compartilhado (Empresa + SST) | E6: NR-05 | F6: =SUMIFS(Itens!$H:$H,Itens!$D:$D,A6) | G6: =COUNTIF(Itens!$D:$D,A6) | H6: =COUNTIFS(Itens!$D:$D,A6,Itens!$I:$I,"Pendente")+COUNTIFS(Itens!$D:$D,A6,Itens!$I:$I,"Em andamento")+COUNTIFS(Itens!$D:$D,A6,Itens!$I:$I,"A confirmar") | I6: =F6+G6/1000+(1000-ROW())/1000000
A7: NR05-DESIG | B7: Designado NR-05 – nomeação formal e certificado de treinamento | C7: SST | D7: Compartilhado (Empresa + SST) | E7: NR-05 (5.4.14 e 5.7) | F7: =SUMIFS(Itens!$H:$H,Itens!$D:$D,A7) | G7: =COUNTIF(Itens!$D:$D,A7) | H7: =COUNTIFS(Itens!$D:$D,A7,Itens!$I:$I,"Pendente")+COUNTIFS(Itens!$D:$D,A7,Itens!$I:$I,"Em andamento")+COUNTIFS(Itens!$D:$D,A7,Itens!$I:$I,"A confirmar") | I7: =F7+G7/1000+(1000-ROW())/1000000
A8: LTCAT | B8: LTCAT / laudo de insalubridade e periculosidade | C8: SST | D8: Assessoria SST | E8: NR-15, NR-16, Lei 8.213/91 | F8: =SUMIFS(Itens!$H:$H,Itens!$D:$D,A8) | G8: =COUNTIF(Itens!$D:$D,A8) | H8: =COUNTIFS(Itens!$D:$D,A8,Itens!$I:$I,"Pendente")+COUNTIFS(Itens!$D:$D,A8,Itens!$I:$I,"Em andamento")+COUNTIFS(Itens!$D:$D,A8,Itens!$I:$I,"A confirmar") | I8: =F8+G8/1000+(1000-ROW())/1000000
A9: AEP | B9: AEP/AET – avaliação ergonômica | C9: SST | D9: Assessoria SST | E9: NR-17 | F9: =SUMIFS(Itens!$H:$H,Itens!$D:$D,A9) | G9: =COUNTIF(Itens!$D:$D,A9) | H9: =COUNTIFS(Itens!$D:$D,A9,Itens!$I:$I,"Pendente")+COUNTIFS(Itens!$D:$D,A9,Itens!$I:$I,"Em andamento")+COUNTIFS(Itens!$D:$D,A9,Itens!$I:$I,"A confirmar") | I9: =F9+G9/1000+(1000-ROW())/1000000
A10: NR12-INV | B10: Inventário de máquinas e apreciação de riscos | C10: SST | D10: Assessoria SST | E10: NR-12 | F10: =SUMIFS(Itens!$H:$H,Itens!$D:$D,A10) | G10: =COUNTIF(Itens!$D:$D,A10) | H10: =COUNTIFS(Itens!$D:$D,A10,Itens!$I:$I,"Pendente")+COUNTIFS(Itens!$D:$D,A10,Itens!$I:$I,"Em andamento")+COUNTIFS(Itens!$D:$D,A10,Itens!$I:$I,"A confirmar") | I10: =F10+G10/1000+(1000-ROW())/1000000
A11: TREIN | B11: Certificados de treinamento/capacitação (máquinas, empilhadeira etc.) | C11: SST | D11: Assessoria SST | E11: NR-01, NR-11, NR-12 | F11: =SUMIFS(Itens!$H:$H,Itens!$D:$D,A11) | G11: =COUNTIF(Itens!$D:$D,A11) | H11: =COUNTIFS(Itens!$D:$D,A11,Itens!$I:$I,"Pendente")+COUNTIFS(Itens!$D:$D,A11,Itens!$I:$I,"Em andamento")+COUNTIFS(Itens!$D:$D,A11,Itens!$I:$I,"A confirmar") | I11: =F11+G11/1000+(1000-ROW())/1000000
A12: ACID | B12: Procedimento e análise de acidentes e doenças do trabalho | C12: SST | D12: Assessoria SST | E12: NR-01 | F12: =SUMIFS(Itens!$H:$H,Itens!$D:$D,A12) | G12: =COUNTIF(Itens!$D:$D,A12) | H12: =COUNTIFS(Itens!$D:$D,A12,Itens!$I:$I,"Pendente")+COUNTIFS(Itens!$D:$D,A12,Itens!$I:$I,"Em andamento")+COUNTIFS(Itens!$D:$D,A12,Itens!$I:$I,"A confirmar") | I12: =F12+G12/1000+(1000-ROW())/1000000
A13: CAT | B13: CATs dos últimos 5 anos e relatórios de investigação | C13: SST | D13: Compartilhado (Empresa + SST) | E13: Lei 8.213/91 art. 22; NR-01 | F13: =SUMIFS(Itens!$H:$H,Itens!$D:$D,A13) | G13: =COUNTIF(Itens!$D:$D,A13) | H13: =COUNTIFS(Itens!$D:$D,A13,Itens!$I:$I,"Pendente")+COUNTIFS(Itens!$D:$D,A13,Itens!$I:$I,"Em andamento")+COUNTIFS(Itens!$D:$D,A13,Itens!$I:$I,"A confirmar") | I13: =F13+G13/1000+(1000-ROW())/1000000
... A40: COMPARECER | B40: Comparecimento presencial (SRTE / MPT) | C40: Outros | D40: Compartilhado (Empresa + SST) | E40: — | F40: =SUMIFS(Itens!$H:$H,Itens!$D:$D,A40) | G40: =COUNTIF(Itens!$D:$D,A40) | H40: =COUNTIFS(Itens!$D:$D,A40,Itens!$I:$I,"Pendente")+COUNTIFS(Itens!$D:$D,A40,Itens!$I:$I,"Em andamento")+COUNTIFS(Itens!$D:$D,A40,Itens!$I:$I,"A confirmar") | I40: =F40+G40/1000+(1000-ROW())/1000000

Sheet Notificações
A1: ID | B1: Cliente | C1: Razão social | D1: CNPJ | E1: Estabelecimento / local | F1: Órgão | G1: Tipo | H1: Nº da notificação | I1: Processo / relatório | J1: Recebida em | K1: Prazo | L1: Dias para o prazo | M1: Meio de envio | N1: Auditor(es) / procurador | O1: Arquivo de origem | P1: Qualidade da leitura | Q1: Itens | R1: Itens pendentes / a confirmar | S1: Observações
A2: N-001 | B2: Rede Total (Mix Concórdia) | C2: MIX CONCORDIA COMERCIAL LTDA | D2: 38.493.415/0001-17 | E2: Av. Raul Seixas, 2602 – Santa Helena, Dias d'Ávila/BA | F2: MTE | G2: NAD | H2: 2LUHCWTBG9YZ5F | I2: Relatório de Inspeção 319087492 | J2: 45979 | K2: 45989 | L2: =IF(R2=0,"Concluída",K2-TODAY()) | M2: DET | N2: AFT Silvana Maria Cardim de Almeida e outros | O2: PDF escaneado (CamScanner) | P2: Boa | Q2: =COUNTIF(Itens!$A:$A,A2) | R2: =COUNTIFS(Itens!$A:$A,A2,Itens!$I:$I,"Pendente")+COUNTIFS(Itens!$A:$A,A2,Itens!$I:$I,"Em andamento")+COUNTIFS(Itens!$A:$A,A2,Itens!$I:$I,"A confirmar") | S2: Itens 27 a 30 manuscritos pelo auditor (exigências físicas, não só documentos).
A3: N-002 | B3: Mix Boca do Rio | C3: MIX BOCA DO RIO COM. DE ALIMENTOS LTDA | D3: 17.26?.964/0001-?? (confirmar) | E3: Rua Des. Lineu Lapa(?) – Salvador/BA (confirmar) | F3: MTE | G3: NAD | H3: 351350.0273??/2026 (confirmar) | I3: SRTb/BA – Seção de Segurança e Saúde | J3: 46104 | K3: 46111 | L3: =IF(R3=0,"Concluída",K3-TODAY()) | M3: E-mail (PDF por item) | N3: AFT Magna ... Ramos e AFT Ana Cristina C. Carvalho | O3: Foto (baixa resolução) | P3: Ruim – confirmar | Q3: =COUNTIF(Itens!$A:$A,A3) | R3: =COUNTIFS(Itens!$A:$A,A3,Itens!$I:$I,"Pendente")+COUNTIFS(Itens!$A:$A,A3,Itens!$I:$I,"Em andamento")+COUNTIFS(Itens!$A:$A,A3,Itens!$I:$I,"A confirmar") | S3: Prazo 30/03/2026 às 17h. Itens 09, 11, 16, 17, 23 e 24 parecem NÃO marcados – confirmar no original. Anotação manuscrita no item 18 ilegível.
A4: N-003 | B4: Mix Bahia – Lauro de Freitas | C4: SURPRESA COMERCIO DE GENEROS ALIMENTICIOS LTDA | D4: 42.087.841/0002-09 | E4: Av. Luiz Tarquínio Pontes, 2292 – Vilas do Atlântico, Lauro de Freitas/BA | F4: MPT | G4: Requisição em inquérito civil | H4: (sem nº – citada no despacho) | I4: IC 000565.2025.05.000/8 | J4: 45931 | K4: 45957 | L4: =IF(R4=0,"Concluída",K4-TODAY()) | M4: Peticionamento MPT | N4: Procuradora Rosangela Rodrigues Dias de Lacerda | O4: Despacho 28/09/2026 | P4: Boa | Q4: =COUNTIF(Itens!$A:$A,A4) | R4: =COUNTIFS(Itens!$A:$A,A4,Itens!$I:$I,"Pendente")+COUNTIFS(Itens!$A:$A,A4,Itens!$I:$I,"Em andamento")+COUNTIFS(Itens!$A:$A,A4,Itens!$I:$I,"A confirmar") | S4: Entregue em 27/10/2025, mas o PGR enviado era da MATRIZ (1 trabalhador) – o MPT considerou a filial sem PGR. Data de recebimento aproximada (inspeção out/2025).
A5: N-004 | B5: Mix Bahia – Lauro de Freitas | C5: SURPRESA COMERCIO DE GENEROS ALIMENTICIOS LTDA | D5: 42.087.841/0002-09 | E5: Av. Luiz Tarquínio Pontes, 2292 – Vilas do Atlântico, Lauro de Freitas/BA | F5: MPT | G5: Notificação em inquérito civil | H5: 197515.2026 | I5: IC 000565.2025.05.000/8 | J5: 46304 | K5: 46334 | L5: =IF(R5=0,"Concluída",K5-TODAY()) | M5: Peticionamento MPT | N5: Procuradora Marina Rocha Pimenta (despacho) / Rosangela R. D. de Lacerda | O5: PDF digital | P5: Boa | Q5: =COUNTIF(Itens!$A:$A,A5) | R5: =COUNTIFS(Itens!$A:$A,A5,Itens!$I:$I,"Pendente")+COUNTIFS(Itens!$A:$A,A5,Itens!$I:$I,"Em andamento")+COUNTIFS(Itens!$A:$A,A5,Itens!$I:$I,"A confirmar") | S5: Enviada em 29/09/2026; considerada recebida 10 dias após o envio. Prazo de 30 dias ESTIMADO – confirmar contagem. Origem: denúncia Disque 100 + perícia de 22/09/2026.
A6: N-005 | B6: Super Diesel | C6: ALAN SILVA BASTOS DOS SANTOS LTDA | D6: 31.163.099/0001-76 | E6: Rodovia BR 324 – Pirajá, Salvador/BA | F6: MTE | G6: NAD | H6: RNVHMXJZJ84KFI | I6: Relatório de Inspeção 321220480 | J6: 46303 | K6: 46318 | L6: =IF(R6=0,"Concluída",K6-TODAY()) | M6: DET | N6: AFT Marcel Guerra e AFT Anilton Cerqueira | O6: PDF escaneado | P6: Boa (manuscrito legível) | Q6: =COUNTIF(Itens!$A:$A,A6) | R6: =COUNTIFS(Itens!$A:$A,A6,Itens!$I:$I,"Pendente")+COUNTIFS(Itens!$A:$A,A6,Itens!$I:$I,"Em andamento")+COUNTIFS(Itens!$A:$A,A6,Itens!$I:$I,"A confirmar") | S6: Data de recebimento lida do arquivo – confirmar. Exigência manuscrita de adequações NR-12 com relatório fotográfico.

Sheet Itens
A1: ID notificação | B1: Cliente | C1: Item nº | D1: Código (Catálogo) | E1: Documento padrão | F1: Responsável | G1: Texto da notificação (resumo) | H1: 1ª vez na notificação | I1: Status | J1: Período pedido | K1: Data de entrega | L1: Observações
A2: N-001 | B2: =IF(A2="","",IFERROR(VLOOKUP(A2,Notificações!$A:$B,2,FALSE),"ID não encontrado")) | C2: 1 | D2: CONTRATO | E2: =IF(D2="","",IFERROR(VLOOKUP(D2,Catálogo!$A:$D,2,FALSE),"Código não está no Catálogo")) | F2: =IF(D2="","",IFERROR(VLOOKUP(D2,Catálogo!$A:$D,4,FALSE),"")) | G2: Atos constitutivos (contrato social) | H2: =IF(D2="",0,IF(COUNTIFS($A$2:A2,A2,$D$2:D2,D2)=1,1,0)) | I2: A confirmar | M2: =IF(AND(B2<>"",B2='Por empresa'!$B$2),COUNTIF($B$2:B2,'Por empresa'!$B$2),"")
A3: N-001 | B3: =IF(A3="","",IFERROR(VLOOKUP(A3,Notificações!$A:$B,2,FALSE),"ID não encontrado")) | C3: 2 | D3: REG-EMP | E3: =IF(D3="","",IFERROR(VLOOKUP(D3,Catálogo!$A:$D,2,FALSE),"Código não está no Catálogo")) | F3: =IF(D3="","",IFERROR(VLOOKUP(D3,Catálogo!$A:$D,4,FALSE),"")) | G3: Livro/fichas de registro (se não optante pelo eSocial) | H3: =IF(D3="",0,IF(COUNTIFS($A$2:A3,A3,$D$2:D3,D3)=1,1,0)) | I3: A confirmar | M3: =IF(AND(B3<>"",B3='Por empresa'!$B$2),COUNTIF($B$2:B3,'Por empresa'!$B$2),"")
A4: N-001 | B4: =IF(A4="","",IFERROR(VLOOKUP(A4,Notificações!$A:$B,2,FALSE),"ID não encontrado")) | C4: 3 | D4: CCT | E4: =IF(D4="","",IFERROR(VLOOKUP(D4,Catálogo!$A:$D,2,FALSE),"Código não está no Catálogo")) | F4: =IF(D4="","",IFERROR(VLOOKUP(D4,Catálogo!$A:$D,4,FALSE),"")) | G4: Último acordo/convenção/dissídio coletivo | H4: =IF(D4="",0,IF(COUNTIFS($A$2:A4,A4,$D$2:D4,D4)=1,1,0)) | I4: A confirmar | M4: =IF(AND(B4<>"",B4='Por empresa'!$B$2),COUNTIF($B$2:B4,'Por empresa'!$B$2),"")
A5: N-001 | B5: =IF(A5="","",IFERROR(VLOOKUP(A5,Notificações!$A:$B,2,FALSE),"ID não encontrado")) | C5: 4 | D5: PONTO-AFD | E5: =IF(D5="","",IFERROR(VLOOKUP(D5,Catálogo!$A:$D,2,FALSE),"Código não está no Catálogo")) | F5: =IF(D5="","",IFERROR(VLOOKUP(D5,Catálogo!$A:$D,4,FALSE),"")) | G5: Arquivo AFD | H5: =IF(D5="",0,IF(COUNTIFS($A$2:A5,A5,$D$2:D5,D5)=1,1,0)) | I5: A confirmar | J5: 01/2024 a 10/2025 | M5: =IF(AND(B5<>"",B5='Por empresa'!$B$2),COUNTIF($B$2:B5,'Por empresa'!$B$2),"")
A6: N-001 | B6: =IF(A6="","",IFERROR(VLOOKUP(A6,Notificações!$A:$B,2,FALSE),"ID não encontrado")) | C6: 5 | D6: PONTO-AFD | E6: =IF(D6="","",IFERROR(VLOOKUP(D6,Catálogo!$A:$D,2,FALSE),"Código não está no Catálogo")) | F6: =IF(D6="","",IFERROR(VLOOKUP(D6,Catálogo!$A:$D,4,FALSE),"")) | G6: Arquivo AEJ | H6: =IF(D6="",0,IF(COUNTIFS($A$2:A6,A6,$D$2:D6,D6)=1,1,0)) | I6: A confirmar | J6: 01/2024 a 10/2025 | M6: =IF(AND(B6<>"",B6='Por empresa'!$B$2),COUNTIF($B$2:B6,'Por empresa'!$B$2),"")
A7: N-001 | B7: =IF(A7="","",IFERROR(VLOOKUP(A7,Notificações!$A:$B,2,FALSE),"ID não encontrado")) | C7: 6 | D7: PONTO-ESP | E7: =IF(D7="","",IFERROR(VLOOKUP(D7,Catálogo!$A:$D,2,FALSE),"Código não está no Catálogo")) | F7: =IF(D7="","",IFERROR(VLOOKUP(D7,Catálogo!$A:$D,4,FALSE),"")) | G7: Espelho de ponto eletrônico (art. 84 Port. 671) | H7: =IF(D7="",0,IF(COUNTIFS($A$2:A7,A7,$D$2:D7,D7)=1,1,0)) | I7: A confirmar | J7: 01/2025 a 10/2025 | M7: =IF(AND(B7<>"",B7='Por empresa'!$B$2),COUNTIF($B$2:B7,'Por empresa'!$B$2),"")
A8: N-001 | B8: =IF(A8="","",IFERROR(VLOOKUP(A8,Notificações!$A:$B,2,FALSE),"ID não encontrado")) | C8: 7 | D8: PONTO-ESP | E8: =IF(D8="","",IFERROR(VLOOKUP(D8,Catálogo!$A:$D,2,FALSE),"Código não está no Catálogo")) | F8: =IF(D8="","",IFERROR(VLOOKUP(D8,Catálogo!$A:$D,4,FALSE),"")) | G8: Folhas de ponto manuais digitalizadas | H8: =IF(D8="",0,IF(COUNTIFS($A$2:A8,A8,$D$2:D8,D8)=1,1,0)) | I8: A confirmar | J8: 01/2025 a 10/2025 | M8: =IF(AND(B8<>"",B8='Por empresa'!$B$2),COUNTIF($B$2:B8,'Por empresa'!$B$2),"")
A9: N-001 | B9: =IF(A9="","",IFERROR(VLOOKUP(A9,Notificações!$A:$B,2,FALSE),"ID não encontrado")) | C9: 8 | D9: FOLHA | E9: =IF(D9="","",IFERROR(VLOOKUP(D9,Catálogo!$A:$D,2,FALSE),"Código não está no Catálogo")) | F9: =IF(D9="","",IFERROR(VLOOKUP(D9,Catálogo!$A:$D,4,FALSE),"")) | G9: Folhas analíticas de pagamento | H9: =IF(D9="",0,IF(COUNTIFS($A$2:A9,A9,$D$2:D9,D9)=1,1,0)) | I9: A confirmar | J9: 01/2025 a 10/2025 | M9: =IF(AND(B9<>"",B9='Por empresa'!$B$2),COUNTIF($B$2:B9,'Por empresa'!$B$2),"")
A10: N-001 | B10: =IF(A10="","",IFERROR(VLOOKUP(A10,Notificações!$A:$B,2,FALSE),"ID não encontrado")) | C10: 9 | D10: COMPROV-SAL | E10: =IF(D10="","",IFERROR(VLOOKUP(D10,Catálogo!$A:$D,2,FALSE),"Código não está no Catálogo")) | F10: =IF(D10="","",IFERROR(VLOOKUP(D10,Catálogo!$A:$D,4,FALSE),"")) | G10: Comprovantes bancários de salários | H10: =IF(D10="",0,IF(COUNTIFS($A$2:A10,A10,$D$2:D10,D10)=1,1,0)) | I10: A confirmar | J10: 08/2025 a 10/2025 | M10: =IF(AND(B10<>"",B10='Por empresa'!$B$2),COUNTIF($B$2:B10,'Por empresa'!$B$2),"")
A11: N-001 | B11: =IF(A11="","",IFERROR(VLOOKUP(A11,Notificações!$A:$B,2,FALSE),"ID não encontrado")) | C11: 10 | D11: EST-REL | E11: =IF(D11="","",IFERROR(VLOOKUP(D11,Catálogo!$A:$D,2,FALSE),"Código não está no Catálogo")) | F11: =IF(D11="","",IFERROR(VLOOKUP(D11,Catálogo!$A:$D,4,FALSE),"")) | G11: Relação de estagiários ativos (Excel, 10 campos) | H11: =IF(D11="",0,IF(COUNTIFS($A$2:A11,A11,$D$2:D11,D11)=1,1,0)) | I11: A confirmar | M11: =IF(AND(B11<>"",B11='Por empresa'!$B$2),COUNTIF($B$2:B11,'Por empresa'!$B$2),"")
A12: N-001 | B12: =IF(A12="","",IFERROR(VLOOKUP(A12,Notificações!$A:$B,2,FALSE),"ID não encontrado")) | C12: 11 | D12: EST-DOCS | E12: =IF(D12="","",IFERROR(VLOOKUP(D12,Catálogo!$A:$D,2,FALSE),"Código não está no Catálogo")) | F12: =IF(D12="","",IFERROR(VLOOKUP(D12,Catálogo!$A:$D,4,FALSE),"")) | G12: Termos de compromisso de estágio | H12: =IF(D12="",0,IF(COUNTIFS($A$2:A12,A12,$D$2:D12,D12)=1,1,0)) | I12: A confirmar | M12: =IF(AND(B12<>"",B12='Por empresa'!$B$2),COUNTIF($B$2:B12,'Por empresa'!$B$2),"")
A13: N-001 | B13: =IF(A13="","",IFERROR(VLOOKUP(A13,Notificações!$A:$B,2,FALSE),"ID não encontrado")) | C13: 12 | D13: EST-DOCS | E13: =IF(D13="","",IFERROR(VLOOKUP(D13,Catálogo!$A:$D,2,FALSE),"Código não está no Catálogo")) | F13: =IF(D13="","",IFERROR(VLOOKUP(D13,Catálogo!$A:$D,4,FALSE),"")) | G13: Planos de atividades dos estagiários | H13: =IF(D13="",0,IF(COUNTIFS($A$2:A13,A13,$D$2:D13,D13)=1,1,0)) | I13: A confirmar | M13: =IF(AND(B13<>"",B13='Por empresa'!$B$2),COUNTIF($B$2:B13,'Por empresa'!$B$2),"")
A14: N-001 | B14: =IF(A14="","",IFERROR(VLOOKUP(A14,Notificações!$A:$B,2,FALSE),"ID não encontrado")) | C14: 13 | D14: EST-DOCS | E14: =IF(D14="","",IFERROR(VLOOKUP(D14,Catálogo!$A:$D,2,FALSE),"Código não está no Catálogo")) | F14: =IF(D14="","",IFERROR(VLOOKUP(D14,Catálogo!$A:$D,4,FALSE),"")) | G14: Matrícula e frequência dos estagiários | H14: =IF(D14="",0,IF(COUNTIFS($A$2:A14,A14,$D$2:D14,D14)=1,1,0)) | I14: A confirmar | M14: =IF(AND(B14<>"",B14='Por empresa'!$B$2),COUNTIF($B$2:B14,'Por empresa'!$B$2),"")
A15: N-001 | B15: =IF(A15="","",IFERROR(VLOOKUP(A15,Notificações!$A:$B,2,FALSE),"ID não encontrado")) | C15: 14 | D15: EST-DOCS | E15: =IF(D15="","",IFERROR(VLOOKUP(D15,Catálogo!$A:$D,2,FALSE),"Código não está no Catálogo")) | F15: =IF(D15="","",IFERROR(VLOOKUP(D15,Catálogo!$A:$D,4,FALSE),"")) | G15: Apólices de seguro dos estagiários | H15: =IF(D15="",0,IF(COUNTIFS($A$2:A15,A15,$D$2:D15,D15)=1,1,0)) | I15: A confirmar | M15: =IF(AND(B15<>"",B15='Por empresa'!$B$2),COUNTIF($B$2:B15,'Por empresa'!$B$2),"")
A16: N-001 | B16: =IF(A16="","",IFERROR(VLOOKUP(A16,Notificações!$A:$B,2,FALSE),"ID não encontrado")) | C16: 15 | D16: EST-DOCS | E16: =IF(D16="","",IFERROR(VLOOKUP(D16,Catálogo!$A:$D,2,FALSE),"Código não está no Catálogo")) | F16: =IF(D16="","",IFERROR(VLOOKUP(D16,Catálogo!$A:$D,4,FALSE),"")) | G16: Descrição das atividades de cada estagiário | H16: =IF(D16="",0,IF(COUNTIFS($A$2:A16,A16,$D$2:D16,D16)=1,1,0)) | I16: A confirmar | M16: =IF(AND(B16<>"",B16='Por empresa'!$B$2),COUNTIF($B$2:B16,'Por empresa'!$B$2),"")
A17: N-001 | B17: =IF(A17="","",IFERROR(VLOOKUP(A17,Notificações!$A:$B,2,FALSE),"ID não encontrado")) | C17: 16 | D17: APR-REL | E17: =IF(D17="","",IFERROR(VLOOKUP(D17,Catálogo!$A:$D,2,FALSE),"Código não está no Catálogo")) | F17: =IF(D17="","",IFERROR(VLOOKUP(D17,Catálogo!$A:$D,4,FALSE),"")) | G17: Relação de aprendizes ativos (Excel) | H17: =IF(D17="",0,IF(COUNTIFS($A$2:A17,A17,$D$2:D17,D17)=1,1,0)) | I17: A confirmar | M17: =IF(AND(B17<>"",B17='Por empresa'!$B$2),COUNTIF($B$2:B17,'Por empresa'!$B$2),"")
A18: N-001 | B18: =IF(A18="","",IFERROR(VLOOKUP(A18,Notificações!$A:$B,2,FALSE),"ID não encontrado")) | C18: 17 | D18: APR-DOCS | E18: =IF(D18="","",IFERROR(VLOOKUP(D18,Catálogo!$A:$D,2,FALSE),"Código não está no Catálogo")) | F18: =IF(D18="","",IFERROR(VLOOKUP(D18,Catálogo!$A:$D,4,FALSE),"")) | G18: Contratos de aprendizagem | H18: =IF(D18="",0,IF(COUNTIFS($A$2:A18,A18,$D$2:D18,D18)=1,1,0)) | I18: A confirmar | M18: =IF(AND(B18<>"",B18='Por empresa'!$B$2),COUNTIF($B$2:B18,'Por empresa'!$B$2),"")
A19: N-001 | B19: =IF(A19="","",IFERROR(VLOOKUP(A19,Notificações!$A:$B,2,FALSE),"ID não encontrado")) | C19: 18 | D19: APR-DOCS | E19: =IF(D19="","",IFERROR(VLOOKUP(D19,Catálogo!$A:$D,2,FALSE),"Código não está no Catálogo")) | F19: =IF(D19="","",IFERROR(VLOOKUP(D19,Catálogo!$A:$D,4,FALSE),"")) | G19: Declaração de matrícula – entidade formadora | H19: =IF(D19="",0,IF(COUNTIFS($A$2:A19,A19,$D$2:D19,D19)=1,1,0)) | I19: A confirmar | M19: =IF(AND(B19<>"",B19='Por empresa'!$B$2),COUNTIF($B$2:B19,'Por empresa'!$B$2),"")
A20: N-001 | B20: =IF(A20="","",IFERROR(VLOOKUP(A20,Notificações!$A:$B,2,FALSE),"ID não encontrado")) | C20: 19 | D20: APR-DOCS | E20: =IF(D20="","",IFERROR(VLOOKUP(D20,Catálogo!$A:$D,2,FALSE),"Código não está no Catálogo")) | F20: =IF(D20="","",IFERROR(VLOOKUP(D20,Catálogo!$A:$D,4,FALSE),"")) | G20: Declaração de matrícula – escola regular | H20: =IF(D20="",0,IF(COUNTIFS($A$2:A20,A20,$D$2:D20,D20)=1,1,0)) | I20: A confirmar | M20: =IF(AND(B20<>"",B20='Por empresa'!$B$2),COUNTIF($B$2:B20,'Por empresa'!$B$2),"")
A21: N-001 | B21: =IF(A21="","",IFERROR(VLOOKUP(A21,Notificações!$A:$B,2,FALSE),"ID não encontrado")) | C21: 20 | D21: PGR | E21: =IF(D21="","",IFERROR(VLOOKUP(D21,Catálogo!$A:$D,2,FALSE),"Código não está no Catálogo")) | F21: =IF(D21="","",IFERROR(VLOOKUP(D21,Catálogo!$A:$D,4,FALSE),"")) | G21: PGR com inventário, plano de ação e anexos | H21: =IF(D21="",0,IF(COUNTIFS($A$2:A21,A21,$D$2:D21,D21)=1,1,0)) | I21: A confirmar | M21: =IF(AND(B21<>"",B21='Por empresa'!$B$2),COUNTIF($B$2:B21,'Por empresa'!$B$2),"")
A22: N-001 | B22: =IF(A22="","",IFERROR(VLOOKUP(A22,Notificações!$A:$B,2,FALSE),"ID não encontrado")) | C22: 21 | D22: ASO | E22: =IF(D22="","",IFERROR(VLOOKUP(D22,Catálogo!$A:$D,2,FALSE),"Código não está no Catálogo")) | F22: =IF(D22="","",IFERROR(VLOOKUP(D22,Catálogo!$A:$D,4,FALSE),"")) | G22: ASO admissional de todos os ativos | H22: =IF(D22="",0,IF(COUNTIFS($A$2:A22,A22,$D$2:D22,D22)=1,1,0)) | I22: A confirmar | M22: =IF(AND(B22<>"",B22='Por empresa'!$B$2),COUNTIF($B$2:B22,'Por empresa'!$B$2),"")
... A25: N-001 | B25: =IF(A25="","",IFERROR(VLOOKUP(A25,Notificações!$A:$B,2,FALSE),"ID não encontrado")) | C25: 24 | D25: NR05-DESIG | E25: =IF(D25="","",IFERROR(VLOOKUP(D25,Catálogo!$A:$D,2,FALSE),"Código não está no Catálogo")) | F25: =IF(D25="","",IFERROR(VLOOKUP(D25,Catálogo!$A:$D,4,FALSE),"")) | G25: Treinamento do designado NR-05 (item 5.7.1) | H25: =IF(D25="",0,IF(COUNTIFS($A$2:A25,A25,$D$2:D25,D25)=1,1,0)) | I25: A confirmar | M25: =IF(AND(B25<>"",B25='Por empresa'!$B$2),COUNTIF($B$2:B25,'Por empresa'!$B$2),"")
A26: N-001 | B26: =IF(A26="","",IFERROR(VLOOKUP(A26,Notificações!$A:$B,2,FALSE),"ID não encontrado")) | C26: 25 | D26: CIPA | E26: =IF(D26="","",IFERROR(VLOOKUP(D26,Catálogo!$A:$D,2,FALSE),"Código não está no Catálogo")) | F26: =IF(D26="","",IFERROR(VLOOKUP(D26,Catálogo!$A:$D,4,FALSE),"")) | G26: Documentação da CIPA (se enquadrada no Quadro I) | H26: =IF(D26="",0,IF(COUNTIFS($A$2:A26,A26,$D$2:D26,D26)=1,1,0)) | I26: A confirmar | J26: Última gestão | M26: =IF(AND(B26<>"",B26='Por empresa'!$B$2),COUNTIF($B$2:B26,'Por empresa'!$B$2),"")
A27: N-001 | B27: =IF(A27="","",IFERROR(VLOOKUP(A27,Notificações!$A:$B,2,FALSE),"ID não encontrado")) | C27: 26 | D27: EMP-ESPEC | E27: =IF(D27="","",IFERROR(VLOOKUP(D27,Catálogo!$A:$D,2,FALSE),"Código não está no Catálogo")) | F27: =IF(D27="","",IFERROR(VLOOKUP(D27,Catálogo!$A:$D,4,FALSE),"")) | G27: Documentos de Rafael dos Anjos Santos, Ramom Silveira de Carvalho e Tiago Gonçalves Silva Carvalho | H27: =IF(D27="",0,IF(COUNTIFS($A$2:A27,A27,$D$2:D27,D27)=1,1,0)) | I27: A confirmar | M27: =IF(AND(B27<>"",B27='Por empresa'!$B$2),COUNTIF($B$2:B27,'Por empresa'!$B$2),"")
A28: N-001 | B28: =IF(A28="","",IFERROR(VLOOKUP(A28,Notificações!$A:$B,2,FALSE),"ID não encontrado")) | C28: 27 | D28: TREIN | E28: =IF(D28="","",IFERROR(VLOOKUP(D28,Catálogo!$A:$D,2,FALSE),"Código não está no Catálogo")) | F28: =IF(D28="","",IFERROR(VLOOKUP(D28,Catálogo!$A:$D,4,FALSE),"")) | G28: (manuscrito) Certificado de treinamento dos operadores de empilhadeira e crachá de identificação | H28: =IF(D28="",0,IF(COUNTIFS($A$2:A28,A28,$D$2:D28,D28)=1,1,0)) | I28: A confirmar | M28: =IF(AND(B28<>"",B28='Por empresa'!$B$2),COUNTIF($B$2:B28,'Por empresa'!$B$2),"")
A29: N-001 | B29: =IF(A29="","",IFERROR(VLOOKUP(A29,Notificações!$A:$B,2,FALSE),"ID não encontrado")) | C29: 28 | D29: NR24 | E29: =IF(D29="","",IFERROR(VLOOKUP(D29,Catálogo!$A:$D,2,FALSE),"Código não está no Catálogo")) | F29: =IF(D29="","",IFERROR(VLOOKUP(D29,Catálogo!$A:$D,4,FALSE),"")) | G29: (manuscrito) Prover os lavatórios de papel-toalha | H29: =IF(D29="",0,IF(COUNTIFS($A$2:A29,A29,$D$2:D29,D29)=1,1,0)) | I29: A confirmar | M29: =IF(AND(B29<>"",B29='Por empresa'!$B$2),COUNTIF($B$2:B29,'Por empresa'!$B$2),"")
A30: N-001 | B30: =IF(A30="","",IFERROR(VLOOKUP(A30,Notificações!$A:$B,2,FALSE),"ID não encontrado")) | C30: 29 | D30: EPI | E30: =IF(D30="","",IFERROR(VLOOKUP(D30,Catálogo!$A:$D,2,FALSE),"Código não está no Catálogo")) | F30: =IF(D30="","",IFERROR(VLOOKUP(D30,Catálogo!$A:$D,4,FALSE),"")) | G30: (manuscrito) Luva de aço para os açougueiros | H30: =IF(D30="",0,IF(COUNTIFS($A$2:A30,A30,$D$2:D30,D30)=1,1,0)) | I30: A confirmar | M30: =IF(AND(B30<>"",B30='Por empresa'!$B$2),COUNTIF($B$2:B30,'Por empresa'!$B$2),"")
A31: N-001 | B31: =IF(A31="","",IFERROR(VLOOKUP(A31,Notificações!$A:$B,2,FALSE),"ID não encontrado")) | C31: 30 | D31: ARMAZ | E31: =IF(D31="","",IFERROR(VLOOKUP(D31,Catálogo!$A:$D,2,FALSE),"Código não está no Catálogo")) | F31: =IF(D31="","",IFERROR(VLOOKUP(D31,Catálogo!$A:$D,4,FALSE),"")) | G31: (manuscrito) Manter material armazenado a no mínimo 50 cm das paredes | H31: =IF(D31="",0,IF(COUNTIFS($A$2:A31,A31,$D$2:D31,D31)=1,1,0)) | I31: A confirmar | M31: =IF(AND(B31<>"",B31='Por empresa'!$B$2),COUNTIF($B$2:B31,'Por empresa'!$B$2),"")
A32: N-002 | B32: =IF(A32="","",IFERROR(VLOOKUP(A32,Notificações!$A:$B,2,FALSE),"ID não encontrado")) | C32: 01 | D32: CONTRATO | E32: =IF(D32="","",IFERROR(VLOOKUP(D32,Catálogo!$A:$D,2,FALSE),"Código não está no Catálogo")) | F32: =IF(D32="","",IFERROR(VLOOKUP(D32,Catálogo!$A:$D,4,FALSE),"")) | G32: Última alteração contratual e comprovação de porte (ME/EPP) | H32: =IF(D32="",0,IF(COUNTIFS($A$2:A32,A32,$D$2:D32,D32)=1,1,0)) | I32: A confirmar | M32: =IF(AND(B32<>"",B32='Por empresa'!$B$2),COUNTIF($B$2:B32,'Por empresa'!$B$2),"")
A33: N-002 | B33: =IF(A33="","",IFERROR(VLOOKUP(A33,Notificações!$A:$B,2,FALSE),"ID não encontrado")) | C33: 02 | D33: REL-EMP | E33: =IF(D33="","",IFERROR(VLOOKUP(D33,Catálogo!$A:$D,2,FALSE),"Código não está no Catálogo")) | F33: =IF(D33="","",IFERROR(VLOOKUP(D33,Catálogo!$A:$D,4,FALSE),"")) | G33: Relação nominal de empregados (CPF, salário, função, setor, admissão; total por gênero) | H33: =IF(D33="",0,IF(COUNTIFS($A$2:A33,A33,$D$2:D33,D33)=1,1,0)) | I33: A confirmar | M33: =IF(AND(B33<>"",B33='Por empresa'!$B$2),COUNTIF($B$2:B33,'Por empresa'!$B$2),"")
A34: N-002 | B34: =IF(A34="","",IFERROR(VLOOKUP(A34,Notificações!$A:$B,2,FALSE),"ID não encontrado")) | C34: 03 | D34: PCMSO | E34: =IF(D34="","",IFERROR(VLOOKUP(D34,Catálogo!$A:$D,2,FALSE),"Código não está no Catálogo")) | F34: =IF(D34="","",IFERROR(VLOOKUP(D34,Catálogo!$A:$D,4,FALSE),"")) | G34: PCMSO e relatório analítico | H34: =IF(D34="",0,IF(COUNTIFS($A$2:A34,A34,$D$2:D34,D34)=1,1,0)) | I34: A confirmar | M34: =IF(AND(B34<>"",B34='Por empresa'!$B$2),COUNTIF($B$2:B34,'Por empresa'!$B$2),"")
A35: N-002 | B35: =IF(A35="","",IFERROR(VLOOKUP(A35,Notificações!$A:$B,2,FALSE),"ID não encontrado")) | C35: 04 | D35: ASO | E35: =IF(D35="","",IFERROR(VLOOKUP(D35,Catálogo!$A:$D,2,FALSE),"Código não está no Catálogo")) | F35: =IF(D35="","",IFERROR(VLOOKUP(D35,Catálogo!$A:$D,4,FALSE),"")) | G35: ASO admissional, periódicos (2 últimos), mudança de função e demissional | H35: =IF(D35="",0,IF(COUNTIFS($A$2:A35,A35,$D$2:D35,D35)=1,1,0)) | I35: A confirmar | J35: a partir de 202? (confirmar) | L35: Ano ilegível na foto | M35: =IF(AND(B35<>"",B35='Por empresa'!$B$2),COUNTIF($B$2:B35,'Por empresa'!$B$2),"")
A36: N-002 | B36: =IF(A36="","",IFERROR(VLOOKUP(A36,Notificações!$A:$B,2,FALSE),"ID não encontrado")) | C36: 05 | D36: AFAST | E36: =IF(D36="","",IFERROR(VLOOKUP(D36,Catálogo!$A:$D,2,FALSE),"Código não está no Catálogo")) | F36: =IF(D36="","",IFERROR(VLOOKUP(D36,Catálogo!$A:$D,4,FALSE),"")) | G36: Planilha de afastados pelo INSS com CID e comprovantes | H36: =IF(D36="",0,IF(COUNTIFS($A$2:A36,A36,$D$2:D36,D36)=1,1,0)) | I36: A confirmar | M36: =IF(AND(B36<>"",B36='Por empresa'!$B$2),COUNTIF($B$2:B36,'Por empresa'!$B$2),"")
A37: N-002 | B37: =IF(A37="","",IFERROR(VLOOKUP(A37,Notificações!$A:$B,2,FALSE),"ID não encontrado")) | C37: 06 | D37: PGR | E37: =IF(D37="","",IFERROR(VLOOKUP(D37,Catálogo!$A:$D,2,FALSE),"Código não está no Catálogo")) | F37: =IF(D37="","",IFERROR(VLOOKUP(D37,Catálogo!$A:$D,4,FALSE),"")) | G37: PGR conforme NR-01 e demais NRs | H37: =IF(D37="",0,IF(COUNTIFS($A$2:A37,A37,$D$2:D37,D37)=1,1,0)) | I37: A confirmar | M37: =IF(AND(B37<>"",B37='Por empresa'!$B$2),COUNTIF($B$2:B37,'Por empresa'!$B$2),"")
A38: N-002 | B38: =IF(A38="","",IFERROR(VLOOKUP(A38,Notificações!$A:$B,2,FALSE),"ID não encontrado")) | C38: 07 | D38: ACID | E38: =IF(D38="","",IFERROR(VLOOKUP(D38,Catálogo!$A:$D,2,FALSE),"Código não está no Catálogo")) | F38: =IF(D38="","",IFERROR(VLOOKUP(D38,Catálogo!$A:$D,4,FALSE),"")) | G38: Procedimentos em caso de acidente/doença e análise de causas | H38: =IF(D38="",0,IF(COUNTIFS($A$2:A38,A38,$D$2:D38,D38)=1,1,0)) | I38: A confirmar | M38: =IF(AND(B38<>"",B38='Por empresa'!$B$2),COUNTIF($B$2:B38,'Por empresa'!$B$2),"")
A39: N-002 | B39: =IF(A39="","",IFERROR(VLOOKUP(A39,Notificações!$A:$B,2,FALSE),"ID não encontrado")) | C39: 08 | D39: CIPA | E39: =IF(D39="","",IFERROR(VLOOKUP(D39,Catálogo!$A:$D,2,FALSE),"Código não está no Catálogo")) | F39: =IF(D39="","",IFERROR(VLOOKUP(D39,Catálogo!$A:$D,4,FALSE),"")) | G39: Documentos da CIPA ou do designado | H39: =IF(D39="",0,IF(COUNTIFS($A$2:A39,A39,$D$2:D39,D39)=1,1,0)) | I39: A confirmar | J39: Gestão atual e anterior | M39: =IF(AND(B39<>"",B39='Por empresa'!$B$2),COUNTIF($B$2:B39,'Por empresa'!$B$2),"")
A40: N-002 | B40: =IF(A40="","",IFERROR(VLOOKUP(A40,Notificações!$A:$B,2,FALSE),"ID não encontrado")) | C40: 10 | D40: AEP | E40: =IF(D40="","",IFERROR(VLOOKUP(D40,Catálogo!$A:$D,2,FALSE),"Código não está no Catálogo")) | F40: =IF(D40="","",IFERROR(VLOOKUP(D40,Catálogo!$A:$D,4,FALSE),"")) | G40: Análise ergonômica (AEP/AET) | H40: =IF(D40="",0,IF(COUNTIFS($A$2:A40,A40,$D$2:D40,D40)=1,1,0)) | I40: A confirmar | M40: =IF(AND(B40<>"",B40='Por empresa'!$B$2),COUNTIF($B$2:B40,'Por empresa'!$B$2),"")
A41: N-002 | B41: =IF(A41="","",IFERROR(VLOOKUP(A41,Notificações!$A:$B,2,FALSE),"ID não encontrado")) | C41: 12 | D41: EPI | E41: =IF(D41="","",IFERROR(VLOOKUP(D41,Catálogo!$A:$D,2,FALSE),"Código não está no Catálogo")) | F41: =IF(D41="","",IFERROR(VLOOKUP(D41,Catálogo!$A:$D,4,FALSE),"")) | G41: Comprovante de compra e fornecimento de EPI | H41: =IF(D41="",0,IF(COUNTIFS($A$2:A41,A41,$D$2:D41,D41)=1,1,0)) | I41: A confirmar | M41: =IF(AND(B41<>"",B41='Por empresa'!$B$2),COUNTIF($B$2:B41,'Por empresa'!$B$2),"")
A42: N-002 | B42: =IF(A42="","",IFERROR(VLOOKUP(A42,Notificações!$A:$B,2,FALSE),"ID não encontrado")) | C42: 13 | D42: NR12-INV | E42: =IF(D42="","",IFERROR(VLOOKUP(D42,Catálogo!$A:$D,2,FALSE),"Código não está no Catálogo")) | F42: =IF(D42="","",IFERROR(VLOOKUP(D42,Catálogo!$A:$D,4,FALSE),"")) | G42: Relatório de todas as máquinas com dispositivos de segurança | H42: =IF(D42="",0,IF(COUNTIFS($A$2:A42,A42,$D$2:D42,D42)=1,1,0)) | I42: A confirmar | M42: =IF(AND(B42<>"",B42='Por empresa'!$B$2),COUNTIF($B$2:B42,'Por empresa'!$B$2),"")
A43: N-002 | B43: =IF(A43="","",IFERROR(VLOOKUP(A43,Notificações!$A:$B,2,FALSE),"ID não encontrado")) | C43: 14 | D43: LTCAT | E43: =IF(D43="","",IFERROR(VLOOKUP(D43,Catálogo!$A:$D,2,FALSE),"Código não está no Catálogo")) | F43: =IF(D43="","",IFERROR(VLOOKUP(D43,Catálogo!$A:$D,4,FALSE),"")) | G43: Laudo técnico de insalubridade | H43: =IF(D43="",0,IF(COUNTIFS($A$2:A43,A43,$D$2:D43,D43)=1,1,0)) | I43: A confirmar | L43: Só insalubridade marcada | M43: =IF(AND(B43<>"",B43='Por empresa'!$B$2),COUNTIF($B$2:B43,'Por empresa'!$B$2),"")
A44: N-002 | B44: =IF(A44="","",IFERROR(VLOOKUP(A44,Notificações!$A:$B,2,FALSE),"ID não encontrado")) | C44: 15 | D44: TREIN | E44: =IF(D44="","",IFERROR(VLOOKUP(D44,Catálogo!$A:$D,2,FALSE),"Código não está no Catálogo")) | F44: =IF(D44="","",IFERROR(VLOOKUP(D44,Catálogo!$A:$D,4,FALSE),"")) | G44: Comprovação de capacitação com designação do responsável por cada máquina | H44: =IF(D44="",0,IF(COUNTIFS($A$2:A44,A44,$D$2:D44,D44)=1,1,0)) | I44: A confirmar | M44: =IF(AND(B44<>"",B44='Por empresa'!$B$2),COUNTIF($B$2:B44,'Por empresa'!$B$2),"")
A45: N-002 | B45: =IF(A45="","",IFERROR(VLOOKUP(A45,Notificações!$A:$B,2,FALSE),"ID não encontrado")) | C45: 18 | D45: NR12-ADEQ | E45: =IF(D45="","",IFERROR(VLOOKUP(D45,Catálogo!$A:$D,2,FALSE),"Código não está no Catálogo")) | F45: =IF(D45="","",IFERROR(VLOOKUP(D45,Catálogo!$A:$D,4,FALSE),"")) | G45: Instalar sistemas de segurança em zonas de perigo de máquinas | H45: =IF(D45="",0,IF(COUNTIFS($A$2:A45,A45,$D$2:D45,D45)=1,1,0)) | I45: A confirmar | L45: Anotação manuscrita ilegível (parece citar esteira/elevador/cilindro) | M45: =IF(AND(B45<>"",B45='Por empresa'!$B$2),COUNTIF($B$2:B45,'Por empresa'!$B$2),"")
A46: N-002 | B46: =IF(A46="","",IFERROR(VLOOKUP(A46,Notificações!$A:$B,2,FALSE),"ID não encontrado")) | C46: 19 | D46: ALTURA | E46: =IF(D46="","",IFERROR(VLOOKUP(D46,Catálogo!$A:$D,2,FALSE),"Código não está no Catálogo")) | F46: =IF(D46="","",IFERROR(VLOOKUP(D46,Catálogo!$A:$D,4,FALSE),"")) | G46: Análise de riscos para trabalho em altura | H46: =IF(D46="",0,IF(COUNTIFS($A$2:A46,A46,$D$2:D46,D46)=1,1,0)) | I46: A confirmar | M46: =IF(AND(B46<>"",B46='Por empresa'!$B$2),COUNTIF($B$2:B46,'Por empresa'!$B$2),"")
A47: N-002 | B47: =IF(A47="","",IFERROR(VLOOKUP(A47,Notificações!$A:$B,2,FALSE),"ID não encontrado")) | C47: 20 | D47: CAT | E47: =IF(D47="","",IFERROR(VLOOKUP(D47,Catálogo!$A:$D,2,FALSE),"Código não está no Catálogo")) | F47: =IF(D47="","",IFERROR(VLOOKUP(D47,Catálogo!$A:$D,4,FALSE),"")) | G47: CATs dos últimos 5 anos e relatório de investigação | H47: =IF(D47="",0,IF(COUNTIFS($A$2:A47,A47,$D$2:D47,D47)=1,1,0)) | I47: A confirmar | J47: Últimos 5 anos | M47: =IF(AND(B47<>"",B47='Por empresa'!$B$2),COUNTIF($B$2:B47,'Por empresa'!$B$2),"")
A48: N-002 | B48: =IF(A48="","",IFERROR(VLOOKUP(A48,Notificações!$A:$B,2,FALSE),"ID não encontrado")) | C48: 21 | D48: CCT | E48: =IF(D48="","",IFERROR(VLOOKUP(D48,Catálogo!$A:$D,2,FALSE),"Código não está no Catálogo")) | F48: =IF(D48="","",IFERROR(VLOOKUP(D48,Catálogo!$A:$D,4,FALSE),"")) | G48: Acordo/convenção/dissídio coletivo | H48: =IF(D48="",0,IF(COUNTIFS($A$2:A48,A48,$D$2:D48,D48)=1,1,0)) | I48: A confirmar | J48: Período fiscalizado | M48: =IF(AND(B48<>"",B48='Por empresa'!$B$2),COUNTIF($B$2:B48,'Por empresa'!$B$2),"")
A49: N-002 | B49: =IF(A49="","",IFERROR(VLOOKUP(A49,Notificações!$A:$B,2,FALSE),"ID não encontrado")) | C49: 22 | D49: PONTO-REP | E49: =IF(D49="","",IFERROR(VLOOKUP(D49,Catálogo!$A:$D,2,FALSE),"Código não está no Catálogo")) | F49: =IF(D49="","",IFERROR(VLOOKUP(D49,Catálogo!$A:$D,4,FALSE),"")) | G49: Atestado técnico e termo de responsabilidade do REP | H49: =IF(D49="",0,IF(COUNTIFS($A$2:A49,A49,$D$2:D49,D49)=1,1,0)) | I49: A confirmar | M49: =IF(AND(B49<>"",B49='Por empresa'!$B$2),COUNTIF($B$2:B49,'Por empresa'!$B$2),"")
A50: N-002 | B50: =IF(A50="","",IFERROR(VLOOKUP(A50,Notificações!$A:$B,2,FALSE),"ID não encontrado")) | C50: 25 | D50: PONTO-AFD | E50: =IF(D50="","",IFERROR(VLOOKUP(D50,Catálogo!$A:$D,2,FALSE),"Código não está no Catálogo")) | F50: =IF(D50="","",IFERROR(VLOOKUP(D50,Catálogo!$A:$D,4,FALSE),"")) | G50: Arquivos AFD e AEJ (.txt) | H50: =IF(D50="",0,IF(COUNTIFS($A$2:A50,A50,$D$2:D50,D50)=1,1,0)) | I50: A confirmar | J50: 08/2025 a 02/2026 (confirmar) | M50: =IF(AND(B50<>"",B50='Por empresa'!$B$2),COUNTIF($B$2:B50,'Por empresa'!$B$2),"")
A51: N-002 | B51: =IF(A51="","",IFERROR(VLOOKUP(A51,Notificações!$A:$B,2,FALSE),"ID não encontrado")) | C51: 26a | D51: COMPROV-SAL | E51: =IF(D51="","",IFERROR(VLOOKUP(D51,Catálogo!$A:$D,2,FALSE),"Código não está no Catálogo")) | F51: =IF(D51="","",IFERROR(VLOOKUP(D51,Catálogo!$A:$D,4,FALSE),"")) | G51: Comprovantes de pagamento de salário por transferência | H51: =IF(D51="",0,IF(COUNTIFS($A$2:A51,A51,$D$2:D51,D51)=1,1,0)) | I51: A confirmar | J51: Últimos 3 meses | M51: =IF(AND(B51<>"",B51='Por empresa'!$B$2),COUNTIF($B$2:B51,'Por empresa'!$B$2),"")
A52: N-002 | B52: =IF(A52="","",IFERROR(VLOOKUP(A52,Notificações!$A:$B,2,FALSE),"ID não encontrado")) | C52: 26b | D52: FOLHA | E52: =IF(D52="","",IFERROR(VLOOKUP(D52,Catálogo!$A:$D,2,FALSE),"Código não está no Catálogo")) | F52: =IF(D52="","",IFERROR(VLOOKUP(D52,Catálogo!$A:$D,4,FALSE),"")) | G52: Folha analítica | H52: =IF(D52="",0,IF(COUNTIFS($A$2:A52,A52,$D$2:D52,D52)=1,1,0)) | I52: A confirmar | J52: Últimos 6 meses | M52: =IF(AND(B52<>"",B52='Por empresa'!$B$2),COUNTIF($B$2:B52,'Por empresa'!$B$2),"")
A53: N-002 | B53: =IF(A53="","",IFERROR(VLOOKUP(A53,Notificações!$A:$B,2,FALSE),"ID não encontrado")) | C53: 27 | D53: AVCB | E53: =IF(D53="","",IFERROR(VLOOKUP(D53,Catálogo!$A:$D,2,FALSE),"Código não está no Catálogo")) | F53: =IF(D53="","",IFERROR(VLOOKUP(D53,Catálogo!$A:$D,4,FALSE),"")) | G53: (manuscrito) AVCB | H53: =IF(D53="",0,IF(COUNTIFS($A$2:A53,A53,$D$2:D53,D53)=1,1,0)) | I53: A confirmar | M53: =IF(AND(B53<>"",B53='Por empresa'!$B$2),COUNTIF($B$2:B53,'Por empresa'!$B$2),"")
A54: N-002 | B54: =IF(A54="","",IFERROR(VLOOKUP(A54,Notificações!$A:$B,2,FALSE),"ID não encontrado")) | C54: 28 | D54: COMPARECER | E54: =IF(D54="","",IFERROR(VLOOKUP(D54,Catálogo!$A:$D,2,FALSE),"Código não está no Catálogo")) | F54: =IF(D54="","",IFERROR(VLOOKUP(D54,Catálogo!$A:$D,4,FALSE),"")) | G54: (manuscrito) Comparecer na SRTE/BA (Av. Jequitaia, 6º andar) para receber Termo | H54: =IF(D54="",0,IF(COUNTIFS($A$2:A54,A54,$D$2:D54,D54)=1,1,0)) | I54: A confirmar | J54: 24/03/2026 às 14h30 | M54: =IF(AND(B54<>"",B54='Por empresa'!$B$2),COUNTIF($B$2:B54,'Por empresa'!$B$2),"")
A55: N-003 | B55: =IF(A55="","",IFERROR(VLOOKUP(A55,Notificações!$A:$B,2,FALSE),"ID não encontrado")) | C55: a | D55: PGR | E55: =IF(D55="","",IFERROR(VLOOKUP(D55,Catálogo!$A:$D,2,FALSE),"Código não está no Catálogo")) | F55: =IF(D55="","",IFERROR(VLOOKUP(D55,Catálogo!$A:$D,4,FALSE),"")) | G55: PGR | H55: =IF(D55="",0,IF(COUNTIFS($A$2:A55,A55,$D$2:D55,D55)=1,1,0)) | I55: Entregue | L55: Entregue PGR da MATRIZ – não cobre a filial | M55: =IF(AND(B55<>"",B55='Por empresa'!$B$2),COUNTIF($B$2:B55,'Por empresa'!$B$2),"")
A56: N-003 | B56: =IF(A56="","",IFERROR(VLOOKUP(A56,Notificações!$A:$B,2,FALSE),"ID não encontrado")) | C56: b | D56: PCMSO | E56: =IF(D56="","",IFERROR(VLOOKUP(D56,Catálogo!$A:$D,2,FALSE),"Código não está no Catálogo")) | F56: =IF(D56="","",IFERROR(VLOOKUP(D56,Catálogo!$A:$D,4,FALSE),"")) | G56: PCMSO | H56: =IF(D56="",0,IF(COUNTIFS($A$2:A56,A56,$D$2:D56,D56)=1,1,0)) | I56: Entregue | L56: PCMSO da filial cita calor dos fornos, sem correspondência no PGR | M56: =IF(AND(B56<>"",B56='Por empresa'!$B$2),COUNTIF($B$2:B56,'Por empresa'!$B$2),"")
A57: N-003 | B57: =IF(A57="","",IFERROR(VLOOKUP(A57,Notificações!$A:$B,2,FALSE),"ID não encontrado")) | C57: c | D57: REL-EMP | E57: =IF(D57="","",IFERROR(VLOOKUP(D57,Catálogo!$A:$D,2,FALSE),"Código não está no Catálogo")) | F57: =IF(D57="","",IFERROR(VLOOKUP(D57,Catálogo!$A:$D,4,FALSE),"")) | G57: Relação de empregados | H57: =IF(D57="",0,IF(COUNTIFS($A$2:A57,A57,$D$2:D57,D57)=1,1,0)) | I57: Entregue | L57: 23 empregados na filial | M57: =IF(AND(B57<>"",B57='Por empresa'!$B$2),COUNTIF($B$2:B57,'Por empresa'!$B$2),"")
A58: N-003 | B58: =IF(A58="","",IFERROR(VLOOKUP(A58,Notificações!$A:$B,2,FALSE),"ID não encontrado")) | C58: d | D58: EPI | E58: =IF(D58="","",IFERROR(VLOOKUP(D58,Catálogo!$A:$D,2,FALSE),"Código não está no Catálogo")) | F58: =IF(D58="","",IFERROR(VLOOKUP(D58,Catálogo!$A:$D,4,FALSE),"")) | G58: Recibos de entrega de EPI | H58: =IF(D58="",0,IF(COUNTIFS($A$2:A58,A58,$D$2:D58,D58)=1,1,0)) | I58: Entregue | M58: =IF(AND(B58<>"",B58='Por empresa'!$B$2),COUNTIF($B$2:B58,'Por empresa'!$B$2),"")
A59: N-004 | B59: =IF(A59="","",IFERROR(VLOOKUP(A59,Notificações!$A:$B,2,FALSE),"ID não encontrado")) | C59: a | D59: VENT | E59: =IF(D59="","",IFERROR(VLOOKUP(D59,Catálogo!$A:$D,2,FALSE),"Código não está no Catálogo")) | F59: =IF(D59="","",IFERROR(VLOOKUP(D59,Catálogo!$A:$D,4,FALSE),"")) | G59: Projeto de ventilação/exaustão da cozinha e dos fornos, com ART e cronograma (NBR 14518) | H59: =IF(D59="",0,IF(COUNTIFS($A$2:A59,A59,$D$2:D59,D59)=1,1,0)) | I59: Pendente | M59: =IF(AND(B59<>"",B59='Por empresa'!$B$2),COUNTIF($B$2:B59,'Por empresa'!$B$2),"")
A60: N-004 | B60: =IF(A60="","",IFERROR(VLOOKUP(A60,Notificações!$A:$B,2,FALSE),"ID não encontrado")) | C60: b | D60: NR24 | E60: =IF(D60="","",IFERROR(VLOOKUP(D60,Catálogo!$A:$D,2,FALSE),"Código não está no Catálogo")) | F60: =IF(D60="","",IFERROR(VLOOKUP(D60,Catálogo!$A:$D,4,FALSE),"")) | G60: Relatório fotográfico do local de descanso coberto e com assentos (ou projeto e cronograma) | H60: =IF(D60="",0,IF(COUNTIFS($A$2:A60,A60,$D$2:D60,D60)=1,1,0)) | I60: Pendente | M60: =IF(AND(B60<>"",B60='Por empresa'!$B$2),COUNTIF($B$2:B60,'Por empresa'!$B$2),"")
A61: N-004 | B61: =IF(A61="","",IFERROR(VLOOKUP(A61,Notificações!$A:$B,2,FALSE),"ID não encontrado")) | C61: c | D61: PGR | E61: =IF(D61="","",IFERROR(VLOOKUP(D61,Catálogo!$A:$D,2,FALSE),"Código não está no Catálogo")) | F61: =IF(D61="","",IFERROR(VLOOKUP(D61,Catálogo!$A:$D,4,FALSE),"")) | G61: PGR da filial com todos os setores (cozinha, padaria, rotisseria, açougue), calor e fumos de cocção | H61: =IF(D61="",0,IF(COUNTIFS($A$2:A61,A61,$D$2:D61,D61)=1,1,0)) | I61: Pendente | L61: Responsabilidade direta da assessoria SST | M61: =IF(AND(B61<>"",B61='Por empresa'!$B$2),COUNTIF($B$2:B61,'Por empresa'!$B$2),"")
A62: N-005 | B62: =IF(A62="","",IFERROR(VLOOKUP(A62,Notificações!$A:$B,2,FALSE),"ID não encontrado")) | C62: 1 | D62: PGR | E62: =IF(D62="","",IFERROR(VLOOKUP(D62,Catálogo!$A:$D,2,FALSE),"Código não está no Catálogo")) | F62: =IF(D62="","",IFERROR(VLOOKUP(D62,Catálogo!$A:$D,4,FALSE),"")) | G62: PGR atualizado | H62: =IF(D62="",0,IF(COUNTIFS($A$2:A62,A62,$D$2:D62,D62)=1,1,0)) | I62: Pendente | J62: 01/01/2026 a 01/10/2026 | M62: =IF(AND(B62<>"",B62='Por empresa'!$B$2),COUNTIF($B$2:B62,'Por empresa'!$B$2),"")
A63: N-005 | B63: =IF(A63="","",IFERROR(VLOOKUP(A63,Notificações!$A:$B,2,FALSE),"ID não encontrado")) | C63: 2 | D63: CIPA | E63: =IF(D63="","",IFERROR(VLOOKUP(D63,Catálogo!$A:$D,2,FALSE),"Código não está no Catálogo")) | F63: =IF(D63="","",IFERROR(VLOOKUP(D63,Catálogo!$A:$D,4,FALSE),"")) | G63: Documentação da CIPA (se constituída) | H63: =IF(D63="",0,IF(COUNTIFS($A$2:A63,A63,$D$2:D63,D63)=1,1,0)) | I63: Pendente | J63: 01/01/2026 a 01/10/2026 | M63: =IF(AND(B63<>"",B63='Por empresa'!$B$2),COUNTIF($B$2:B63,'Por empresa'!$B$2),"")
A64: N-005 | B64: =IF(A64="","",IFERROR(VLOOKUP(A64,Notificações!$A:$B,2,FALSE),"ID não encontrado")) | C64: 3 | D64: NR05-DESIG | E64: =IF(D64="","",IFERROR(VLOOKUP(D64,Catálogo!$A:$D,2,FALSE),"Código não está no Catálogo")) | F64: =IF(D64="","",IFERROR(VLOOKUP(D64,Catálogo!$A:$D,4,FALSE),"")) | G64: Nomeação e treinamento do designado NR-05 | H64: =IF(D64="",0,IF(COUNTIFS($A$2:A64,A64,$D$2:D64,D64)=1,1,0)) | I64: Pendente | J64: 01/01/2026 a 01/10/2026 | M64: =IF(AND(B64<>"",B64='Por empresa'!$B$2),COUNTIF($B$2:B64,'Por empresa'!$B$2),"")
A65: N-005 | B65: =IF(A65="","",IFERROR(VLOOKUP(A65,Notificações!$A:$B,2,FALSE),"ID não encontrado")) | C65: 4 | D65: EPI | E65: =IF(D65="","",IFERROR(VLOOKUP(D65,Catálogo!$A:$D,2,FALSE),"Código não está no Catálogo")) | F65: =IF(D65="","",IFERROR(VLOOKUP(D65,Catálogo!$A:$D,4,FALSE),"")) | G65: Fichas de EPI datadas, assinadas e com CA | H65: =IF(D65="",0,IF(COUNTIFS($A$2:A65,A65,$D$2:D65,D65)=1,1,0)) | I65: Pendente | J65: 01/01/2026 a 01/10/2026 | M65: =IF(AND(B65<>"",B65='Por empresa'!$B$2),COUNTIF($B$2:B65,'Por empresa'!$B$2),"")
A66: N-005 | B66: =IF(A66="","",IFERROR(VLOOKUP(A66,Notificações!$A:$B,2,FALSE),"ID não encontrado")) | C66: 5 | D66: ASO | E66: =IF(D66="","",IFERROR(VLOOKUP(D66,Catálogo!$A:$D,2,FALSE),"Código não está no Catálogo")) | F66: =IF(D66="","",IFERROR(VLOOKUP(D66,Catálogo!$A:$D,4,FALSE),"")) | G66: ASOs atualizados | H66: =IF(D66="",0,IF(COUNTIFS($A$2:A66,A66,$D$2:D66,D66)=1,1,0)) | I66: Pendente | J66: 01/01/2026 a 01/10/2026 | M66: =IF(AND(B66<>"",B66='Por empresa'!$B$2),COUNTIF($B$2:B66,'Por empresa'!$B$2),"")
A67: N-005 | B67: =IF(A67="","",IFERROR(VLOOKUP(A67,Notificações!$A:$B,2,FALSE),"ID não encontrado")) | C67: 6 | D67: REL-EMP | E67: =IF(D67="","",IFERROR(VLOOKUP(D67,Catálogo!$A:$D,2,FALSE),"Código não está no Catálogo")) | F67: =IF(D67="","",IFERROR(VLOOKUP(D67,Catálogo!$A:$D,4,FALSE),"")) | G67: Planilha Excel de empregados (nome, admissão, PIS, CPF, função) | H67: =IF(D67="",0,IF(COUNTIFS($A$2:A67,A67,$D$2:D67,D67)=1,1,0)) | I67: Pendente | J67: 01/01/2026 a 01/10/2026 | M67: =IF(AND(B67<>"",B67='Por empresa'!$B$2),COUNTIF($B$2:B67,'Por empresa'!$B$2),"")
A68: N-005 | B68: =IF(A68="","",IFERROR(VLOOKUP(A68,Notificações!$A:$B,2,FALSE),"ID não encontrado")) | C68: 7 | D68: PCMSO | E68: =IF(D68="","",IFERROR(VLOOKUP(D68,Catálogo!$A:$D,2,FALSE),"Código não está no Catálogo")) | F68: =IF(D68="","",IFERROR(VLOOKUP(D68,Catálogo!$A:$D,4,FALSE),"")) | G68: PCMSO assinado e correlacionado ao inventário do PGR | H68: =IF(D68="",0,IF(COUNTIFS($A$2:A68,A68,$D$2:D68,D68)=1,1,0)) | I68: Pendente | M68: =IF(AND(B68<>"",B68='Por empresa'!$B$2),COUNTIF($B$2:B68,'Por empresa'!$B$2),"")
A69: N-005 | B69: =IF(A69="","",IFERROR(VLOOKUP(A69,Notificações!$A:$B,2,FALSE),"ID não encontrado")) | C69: 8 | D69: ATERR | E69: =IF(D69="","",IFERROR(VLOOKUP(D69,Catálogo!$A:$D,2,FALSE),"Código não está no Catálogo")) | F69: =IF(D69="","",IFERROR(VLOOKUP(D69,Catálogo!$A:$D,4,FALSE),"")) | G69: Laudo de aterramento de máquinas com ART | H69: =IF(D69="",0,IF(COUNTIFS($A$2:A69,A69,$D$2:D69,D69)=1,1,0)) | I69: Pendente | M69: =IF(AND(B69<>"",B69='Por empresa'!$B$2),COUNTIF($B$2:B69,'Por empresa'!$B$2),"")
A70: N-005 | B70: =IF(A70="","",IFERROR(VLOOKUP(A70,Notificações!$A:$B,2,FALSE),"ID não encontrado")) | C70: 9 | D70: NR12-MANUT | E70: =IF(D70="","",IFERROR(VLOOKUP(D70,Catálogo!$A:$D,2,FALSE),"Código não está no Catálogo")) | F70: =IF(D70="","",IFERROR(VLOOKUP(D70,Catálogo!$A:$D,4,FALSE),"")) | G70: Registro de manutenção das máquinas (12.11.1) | H70: =IF(D70="",0,IF(COUNTIFS($A$2:A70,A70,$D$2:D70,D70)=1,1,0)) | I70: Pendente | M70: =IF(AND(B70<>"",B70='Por empresa'!$B$2),COUNTIF($B$2:B70,'Por empresa'!$B$2),"")
A71: N-005 | B71: =IF(A71="","",IFERROR(VLOOKUP(A71,Notificações!$A:$B,2,FALSE),"ID não encontrado")) | C71: 10 | D71: AVCB | E71: =IF(D71="","",IFERROR(VLOOKUP(D71,Catálogo!$A:$D,2,FALSE),"Código não está no Catálogo")) | F71: =IF(D71="","",IFERROR(VLOOKUP(D71,Catálogo!$A:$D,4,FALSE),"")) | G71: AVCB | H71: =IF(D71="",0,IF(COUNTIFS($A$2:A71,A71,$D$2:D71,D71)=1,1,0)) | I71: Pendente | J71: 01/01/2026 a 01/10/2026 | M71: =IF(AND(B71<>"",B71='Por empresa'!$B$2),COUNTIF($B$2:B71,'Por empresa'!$B$2),"")
A72: N-005 | B72: =IF(A72="","",IFERROR(VLOOKUP(A72,Notificações!$A:$B,2,FALSE),"ID não encontrado")) | C72: 11 | D72: NR12-ADEQ | E72: =IF(D72="","",IFERROR(VLOOKUP(D72,Catálogo!$A:$D,2,FALSE),"Código não está no Catálogo")) | F72: =IF(D72="","",IFERROR(VLOOKUP(D72,Catálogo!$A:$D,4,FALSE),"")) | G72: (manuscrito) Relatório fotográfico: proteger circuitos elétricos; substituir proteções da Lucatti(?); intertravar proteções da bancada de teste; proteger a zona de perigo da máquina de teste de bomba | H72: =IF(D72="",0,IF(COUNTIFS($A$2:A72,A72,$D$2:D72,D72)=1,1,0)) | I72: Pendente | L72: Nome da máquina 'Lucatti' a confirmar | M72: =IF(AND(B72<>"",B72='Por empresa'!$B$2),COUNTIF($B$2:B72,'Por empresa'!$B$2),"")
B73: =IF(A73="","",IFERROR(VLOOKUP(A73,Notificações!$A:$B,2,FALSE),"ID não encontrado")) | E73: =IF(D73="","",IFERROR(VLOOKUP(D73,Catálogo!$A:$D,2,FALSE),"Código não está no Catálogo")) | F73: =IF(D73="","",IFERROR(VLOOKUP(D73,Catálogo!$A:$D,4,FALSE),"")) | H73: =IF(D73="",0,IF(COUNTIFS($A$2:A73,A73,$D$2:D73,D73)=1,1,0)) | M73: =IF(AND(B73<>"",B73='Por empresa'!$B$2),COUNTIF($B$2:B73,'Por empresa'!$B$2),"")
B74: =IF(A74="","",IFERROR(VLOOKUP(A74,Notificações!$A:$B,2,FALSE),"ID não encontrado")) | E74: =IF(D74="","",IFERROR(VLOOKUP(D74,Catálogo!$A:$D,2,FALSE),"Código não está no Catálogo")) | F74: =IF(D74="","",IFERROR(VLOOKUP(D74,Catálogo!$A:$D,4,FALSE),"")) | H74: =IF(D74="",0,IF(COUNTIFS($A$2:A74,A74,$D$2:D74,D74)=1,1,0)) | M74: =IF(AND(B74<>"",B74='Por empresa'!$B$2),COUNTIF($B$2:B74,'Por empresa'!$B$2),"")
B75: =IF(A75="","",IFERROR(VLOOKUP(A75,Notificações!$A:$B,2,FALSE),"ID não encontrado")) | E75: =IF(D75="","",IFERROR(VLOOKUP(D75,Catálogo!$A:$D,2,FALSE),"Código não está no Catálogo")) | F75: =IF(D75="","",IFERROR(VLOOKUP(D75,Catálogo!$A:$D,4,FALSE),"")) | H75: =IF(D75="",0,IF(COUNTIFS($A$2:A75,A75,$D$2:D75,D75)=1,1,0)) | M75: =IF(AND(B75<>"",B75='Por empresa'!$B$2),COUNTIF($B$2:B75,'Por empresa'!$B$2),"")
B76: =IF(A76="","",IFERROR(VLOOKUP(A76,Notificações!$A:$B,2,FALSE),"ID não encontrado")) | E76: =IF(D76="","",IFERROR(VLOOKUP(D76,Catálogo!$A:$D,2,FALSE),"Código não está no Catálogo")) | F76: =IF(D76="","",IFERROR(VLOOKUP(D76,Catálogo!$A:$D,4,FALSE),"")) | H76: =IF(D76="",0,IF(COUNTIFS($A$2:A76,A76,$D$2:D76,D76)=1,1,0)) | M76: =IF(AND(B76<>"",B76='Por empresa'!$B$2),COUNTIF($B$2:B76,'Por empresa'!$B$2),"")
B77: =IF(A77="","",IFERROR(VLOOKUP(A77,Notificações!$A:$B,2,FALSE),"ID não encontrado")) | E77: =IF(D77="","",IFERROR(VLOOKUP(D77,Catálogo!$A:$D,2,FALSE),"Código não está no Catálogo")) | F77: =IF(D77="","",IFERROR(VLOOKUP(D77,Catálogo!$A:$D,4,FALSE),"")) | H77: =IF(D77="",0,IF(COUNTIFS($A$2:A77,A77,$D$2:D77,D77)=1,1,0)) | M77: =IF(AND(B77<>"",B77='Por empresa'!$B$2),COUNTIF($B$2:B77,'Por empresa'!$B$2),"")
B78: =IF(A78="","",IFERROR(VLOOKUP(A78,Notificações!$A:$B,2,FALSE),"ID não encontrado")) | E78: =IF(D78="","",IFERROR(VLOOKUP(D78,Catálogo!$A:$D,2,FALSE),"Código não está no Catálogo")) | F78: =IF(D78="","",IFERROR(VLOOKUP(D78,Catálogo!$A:$D,4,FALSE),"")) | H78: =IF(D78="",0,IF(COUNTIFS($A$2:A78,A78,$D$2:D78,D78)=1,1,0)) | M78: =IF(AND(B78<>"",B78='Por empresa'!$B$2),COUNTIF($B$2:B78,'Por empresa'!$B$2),"")
B79: =IF(A79="","",IFERROR(VLOOKUP(A79,Notificações!$A:$B,2,FALSE),"ID não encontrado")) | E79: =IF(D79="","",IFERROR(VLOOKUP(D79,Catálogo!$A:$D,2,FALSE),"Código não está no Catálogo")) | F79: =IF(D79="","",IFERROR(VLOOKUP(D79,Catálogo!$A:$D,4,FALSE),"")) | H79: =IF(D79="",0,IF(COUNTIFS($A$2:A79,A79,$D$2:D79,D79)=1,1,0)) | M79: =IF(AND(B79<>"",B79='Por empresa'!$B$2),COUNTIF($B$2:B79,'Por empresa'!$B$2),"")
B80: =IF(A80="","",IFERROR(VLOOKUP(A80,Notificações!$A:$B,2,FALSE),"ID não encontrado")) | E80: =IF(D80="","",IFERROR(VLOOKUP(D80,Catálogo!$A:$D,2,FALSE),"Código não está no Catálogo")) | F80: =IF(D80="","",IFERROR(VLOOKUP(D80,Catálogo!$A:$D,4,FALSE),"")) | H80: =IF(D80="",0,IF(COUNTIFS($A$2:A80,A80,$D$2:D80,D80)=1,1,0)) | M80: =IF(AND(B80<>"",B80='Por empresa'!$B$2),COUNTIF($B$2:B80,'Por empresa'!$B$2),"")
B81: =IF(A81="","",IFERROR(VLOOKUP(A81,Notificações!$A:$B,2,FALSE),"ID não encontrado")) | E81: =IF(D81="","",IFERROR(VLOOKUP(D81,Catálogo!$A:$D,2,FALSE),"Código não está no Catálogo")) | F81: =IF(D81="","",IFERROR(VLOOKUP(D81,Catálogo!$A:$D,4,FALSE),"")) | H81: =IF(D81="",0,IF(COUNTIFS($A$2:A81,A81,$D$2:D81,D81)=1,1,0)) | M81: =IF(AND(B81<>"",B81='Por empresa'!$B$2),COUNTIF($B$2:B81,'Por empresa'!$B$2),"")
B82: =IF(A82="","",IFERROR(VLOOKUP(A82,Notificações!$A:$B,2,FALSE),"ID não encontrado")) | E82: =IF(D82="","",IFERROR(VLOOKUP(D82,Catálogo!$A:$D,2,FALSE),"Código não está no Catálogo")) | F82: =IF(D82="","",IFERROR(VLOOKUP(D82,Catálogo!$A:$D,4,FALSE),"")) | H82: =IF(D82="",0,IF(COUNTIFS($A$2:A82,A82,$D$2:D82,D82)=1,1,0)) | M82: =IF(AND(B82<>"",B82='Por empresa'!$B$2),COUNTIF($B$2:B82,'Por empresa'!$B$2),"")
B83: =IF(A83="","",IFERROR(VLOOKUP(A83,Notificações!$A:$B,2,FALSE),"ID não encontrado")) | E83: =IF(D83="","",IFERROR(VLOOKUP(D83,Catálogo!$A:$D,2,FALSE),"Código não está no Catálogo")) | F83: =IF(D83="","",IFERROR(VLOOKUP(D83,Catálogo!$A:$D,4,FALSE),"")) | H83: =IF(D83="",0,IF(COUNTIFS($A$2:A83,A83,$D$2:D83,D83)=1,1,0)) | M83: =IF(AND(B83<>"",B83='Por empresa'!$B$2),COUNTIF($B$2:B83,'Por empresa'!$B$2),"")
B84: =IF(A84="","",IFERROR(VLOOKUP(A84,Notificações!$A:$B,2,FALSE),"ID não encontrado")) | E84: =IF(D84="","",IFERROR(VLOOKUP(D84,Catálogo!$A:$D,2,FALSE),"Código não está no Catálogo")) | F84: =IF(D84="","",IFERROR(VLOOKUP(D84,Catálogo!$A:$D,4,FALSE),"")) | H84: =IF(D84="",0,IF(COUNTIFS($A$2:A84,A84,$D$2:D84,D84)=1,1,0)) | M84: =IF(AND(B84<>"",B84='Por empresa'!$B$2),COUNTIF($B$2:B84,'Por empresa'!$B$2),"")
... B501: =IF(A501="","",IFERROR(VLOOKUP(A501,Notificações!$A:$B,2,FALSE),"ID não encontrado")) | E501: =IF(D501="","",IFERROR(VLOOKUP(D501,Catálogo!$A:$D,2,FALSE),"Código não está no Catálogo")) | F501: =IF(D501="","",IFERROR(VLOOKUP(D501,Catálogo!$A:$D,4,FALSE),"")) | H501: =IF(D501="",0,IF(COUNTIFS($A$2:A501,A501,$D$2:D501,D501)=1,1,0)) | M501: =IF(AND(B501<>"",B501='Por empresa'!$B$2),COUNTIF($B$2:B501,'Por empresa'!$B$2),"")
